target_len	tier	candidate	source
20	1	youthinkyouhaveworld	voice-exact
20	1	whyareyoucreatedthis	voice-exact
20	1	weproveyouyourwisdom	voice-exact
20	1	wereadingyouyoursoul	voice-exact
20	1	whyareyouworshipthis	voice-exact
20	1	thewisdomwillcomeyou	voice-exact
20	1	wefindyoutothinkhere	voice-exact
20	1	wecreatedyouyoursoul	voice-exact
20	1	wethinkyoutogainhere	voice-exact
20	1	wefindyoutoprovehere	voice-exact
20	1	theanswerwillfindyou	voice-exact
20	1	weworshipyouyoursoul	voice-exact
20	1	weknowyoutoprovehere	voice-exact
20	1	weproveyoutocomehere	voice-exact
20	1	weproveyouyourworlds	voice-exact
20	1	theworldswillknowyou	voice-exact
20	1	wemadeyouyouranswers	voice-exact
20	1	wemadeyoutoprovehere	voice-exact
20	1	wethinkyouyouranswer	voice-exact
20	1	wecomeyoutothinkhere	voice-exact
20	1	theworldswillgainyou	voice-exact
20	1	weproveyoutoknowhere	voice-exact
20	1	wecomeyouyouranswers	voice-exact
20	1	theworldswillfindyou	voice-exact
20	1	weproveyoutohavehere	voice-exact
20	1	theworldswillcomeyou	voice-exact
20	1	wehaveyoutothinkhere	voice-exact
20	1	weproveyouyouranswer	voice-exact
20	1	wethinkyouyourwisdom	voice-exact
20	1	thewisdomwillknowyou	voice-exact
20	1	theanswerwillmadeyou	voice-exact
20	1	toprovetrueknowledge	voice-exact
20	1	wegaveyouyouranswers	voice-exact
20	1	theanswerwillgainyou	voice-exact
20	1	weproveyoutofindhere	voice-exact
20	1	wecomeyoutoprovehere	voice-exact
20	1	weallowedyouyoursoul	voice-exact
20	1	thesoulwillwantedyou	voice-exact
20	1	wewantedyouyourworld	voice-exact
20	1	whyareyousatisfythis	voice-exact
20	1	butitisnothereseeker	voice-exact
20	1	wethinkyoutocomehere	voice-exact
20	1	butitisnothereknower	voice-exact
20	1	theworldswillmadeyou	voice-exact
20	1	thewisdomwillgaveyou	voice-exact
20	1	thewisdomwillgainyou	voice-exact
20	1	thewisdomwillfindyou	voice-exact
20	1	weknowyoutothinkhere	voice-exact
20	1	weseekingyouyoursoul	voice-exact
20	1	thewisdomwillhaveyou	voice-exact
20	1	wegaveyoutothinkhere	voice-exact
20	1	weknowyouyouranswers	voice-exact
20	1	wethinkyouyourworlds	voice-exact
20	1	wegainyouyouranswers	voice-exact
20	1	whyareyouseekingthis	voice-exact
20	1	tothinktrueknowledge	voice-exact
20	1	theworldswillgaveyou	voice-exact
20	1	wegainyoutothinkhere	voice-exact
20	1	theanswerwillgaveyou	voice-exact
20	1	wegainyoutoprovehere	voice-exact
20	1	wehaveyouyouranswers	voice-exact
20	1	thewisdomwillmadeyou	voice-exact
20	1	theworldwillproveyou	voice-exact
20	1	weproveyoutogavehere	voice-exact
20	1	wesatisfyyouyoursoul	voice-exact
20	1	wethinkyoutogavehere	voice-exact
20	1	wegaveyoutoprovehere	voice-exact
20	1	whyareyouallowedthis	voice-exact
20	1	wethinkyoutomadehere	voice-exact
20	1	wethinkyoutofindhere	voice-exact
20	1	theanswerwillcomeyou	voice-exact
20	1	weproveyoutogainhere	voice-exact
20	1	theworldwillthinkyou	voice-exact
20	1	whyareyoureadingthis	voice-exact
20	1	wemadeyoutothinkhere	voice-exact
20	1	theanswerwillhaveyou	voice-exact
20	1	wethinkyoutohavehere	voice-exact
20	1	theanswerwillknowyou	voice-exact
20	1	wehaveyoutoprovehere	voice-exact
20	1	provethinetruewisdom	voice-exact
20	1	wefindyouyouranswers	voice-exact
20	1	theworldswillhaveyou	voice-exact
20	1	weproveyoutomadehere	voice-exact
20	1	wethinkyoutoknowhere	voice-exact
20	2	thegodofgodstheonetr	guide-window
20	2	godofgodstheonetrueg	guide-window
20	2	ifwevecreatedyourgod	guide-window
20	2	wevecreatedyourgodan	guide-window
20	2	vecreatedyourgodandy	guide-window
20	2	createdyourgodandyou	guide-window
20	2	yourgodandyourgodofg	guide-window
20	2	godandyourgodofgodsa	guide-window
20	2	andyourgodofgodsandy	guide-window
20	2	yourgodofgodsandyoua	guide-window
20	2	godofgodsandyouandyo	guide-window
20	2	ofgodsandyouandyourf	guide-window
20	2	godsandyouandyourfre	guide-window
20	2	andyouandyourfreewil	guide-window
20	2	youandyourfreewillan	guide-window
20	2	andyourfreewillandth	guide-window
20	2	yourfreewillandthisw	guide-window
20	2	freewillandthisworld	guide-window
20	2	willandthisworldanda	guide-window
20	2	andthisworldandallth	guide-window
20	2	thisworldandallthewo	guide-window
20	2	worldandalltheworlds	guide-window
20	2	weallowedyoutohavefr	guide-window
20	2	allowedyoutohavefree	guide-window
20	2	youthinkyouhavefreew	guide-window
20	2	thinkyouhavefreewill	guide-window
20	2	yourtruegodisthereal	guide-window
20	2	truegodistherealmons	guide-window
20	2	youcomehereseekingan	guide-window
20	2	comehereseekinganswe	guide-window
20	2	youthinkwehaveallthe	guide-window
20	2	thinkwehavealltheans	guide-window
20	2	wegaveyouyourfreewil	guide-window
20	2	andnotjustthisplacea	guide-window
20	2	notjustthisplaceallt	guide-window
20	2	justthisplaceallthep	guide-window
20	2	thisplacealltheplace	guide-window
20	2	placealltheplacesall	guide-window
20	2	alltheplacesallthedi	guide-window
20	2	theplacesallthedimen	guide-window
20	2	placesallthedimensio	guide-window
20	2	allthedimensionsallt	guide-window
20	2	thedimensionsallthef	guide-window
20	2	dimensionsallthefree	guide-window
20	2	weknowwhatyouareafte	guide-window
20	2	itisnothereknowertob	guide-window
20	2	devotedseekeraftertr	guide-window
20	2	seekeraftertruewisdo	guide-window
20	2	aftertruewisdomknowt	guide-window
20	2	truewisdomknowthiswe	guide-window
20	2	wisdomknowthiswearew	guide-window
20	2	knowthiswearewatchin	guide-window
20	2	thiswearewatchingyou	guide-window
20	2	whatanswersareyoutry	guide-window
20	2	answersareyoutryingt	guide-window
20	2	areyoutryingtofindin	guide-window
20	2	youtryingtofindinher	guide-window
20	2	theanswertothetreasu	guide-window
20	2	youthinkyouknowthean	guide-window
20	2	thinkyouknowtheanswe	guide-window
20	2	youknowtheanswerbuty	guide-window
20	2	knowtheanswerbutyoud	guide-window
20	2	youthinkthetreasurew	guide-window
20	2	thinkthetreasurewill	guide-window
20	2	thetreasurewillsatis	guide-window
20	2	treasurewillsatisfyy	guide-window
20	2	willsatisfyyoubutitw	guide-window
20	2	yougaveyourfreewillt	guide-window
20	2	gaveyourfreewilltoth	guide-window
20	2	yourfreewilltothetru	guide-window
20	2	freewilltothetruegod	guide-window
20	2	whyelsewouldbereadin	guide-window
20	2	elsewouldbereadingth	guide-window
20	2	wewantedyoutocomeher	guide-window
20	2	wereimpressedwithyou	guide-window
20	2	reimpressedwithyoukn	guide-window
20	2	impressedwithyouknow	guide-window
20	2	theessenceoflifeandd	volume-window
20	2	essenceoflifeanddeat	volume-window
20	2	provethineknowledgef	volume-window
20	2	thineknowledgefromwh	volume-window
20	2	knowledgefromwhatist	volume-window
20	2	fromwhatisthewestcre	volume-window
20	2	whatisthewestcreated	volume-window
20	2	fromwhatistheeastcre	volume-window
20	2	whatistheeastcreated	volume-window
20	2	tohavetrueknowledgei	volume-window
20	2	havetrueknowledgeist	volume-window
20	2	trueknowledgeistosee	volume-window
20	2	knowledgeistoseethed	volume-window
20	2	istoseethedarknessof	volume-window
20	2	toseethedarknessofig	volume-window
20	2	seethedarknessofigno	volume-window
20	2	thedarknessofignoran	volume-window
20	2	togaintrueknowledgeo	volume-window
20	2	gaintrueknowledgeone	volume-window
20	2	trueknowledgeonemust	volume-window
20	2	knowledgeonemustslow	volume-window
20	2	onemustslowdownandno	volume-window
20	2	mustslowdownandnothu	volume-window
20	2	awakentheflockofthes	volume-window
20	2	theflockoftheshepher	volume-window
20	2	flockoftheshepherdan	volume-window
20	2	oftheshepherdandthin	volume-window
20	2	theshepherdandthinkf	volume-window
20	2	shepherdandthinkfort	volume-window
20	2	towalkamileinsomeone	volume-window
20	2	walkamileinsomeoneel	volume-window
20	2	amileinsomeoneelsesb	volume-window
20	2	mileinsomeoneelsesbo	volume-window
20	2	trueknowledgeisaslip	volume-window
20	2	knowledgeisaslippery	volume-window
20	2	thefouressencesrepre	volume-window
20	2	fouressencesrepresen	volume-window
20	2	essencesrepresentthe	volume-window
20	2	representthefourelem	volume-window
20	2	thefourelementsthatf	volume-window
20	2	fourelementsthatform	volume-window
20	2	elementsthatformthis	volume-window
20	2	thatformthisvisiblew	volume-window
20	2	formthisvisibleworld	volume-window
20	2	keskikesänkuikkalent	finnish-window
20	2	kuikkalentelisuonyll	finnish-window
20	2	lentelisuonylläjalas	finnish-window
20	2	suonylläjalaskeutuis	finnish-window
20	2	ylläjalaskeutuisuure	finnish-window
20	2	jalaskeutuisuurenpuu	finnish-window
20	2	laskeutuisuurenpuunj	finnish-window
20	2	ensimmäinenmunistavi	finnish-window
20	2	munistavierähtipesäs	finnish-window
20	2	vierähtipesästäjahal	finnish-window
20	2	verestämuodostuieläm	finnish-window
20	2	muodostuielämäjakuol	finnish-window
20	2	valkuainenvaluilänte	finnish-window
20	2	valuilänteenjasiitäm	finnish-window
20	2	länteenjasiitämuodos	finnish-window
20	2	jasiitämuodostuikylm	finnish-window
20	2	siitämuodostuikylmyy	finnish-window
20	2	muodostuikylmyysjajä	finnish-window
20	2	keltuainenvaluiitään	finnish-window
20	2	valuiitäänjasiitämuo	finnish-window
20	2	itäänjasiitämuodostu	finnish-window
20	2	jasiitämuodostuilämp	finnish-window
20	2	siitämuodostuilämpöj	finnish-window
20	2	muodostuilämpöjatuli	finnish-window
20	2	viimeinmunastakuoriu	finnish-window
20	2	munastakuoriutuiluon	finnish-window
20	2	luontoloilaitluonnon	finnish-window
20	2	loilaitluonnonasetti	finnish-window
20	2	laitluonnonasettielä	finnish-window
20	2	luonnonasettieläimet	finnish-window
20	2	asettieläimetniitytj	finnish-window
20	2	eläimetniitytjoetkum	finnish-window
20	2	niitytjoetkummutjavu	finnish-window
20	2	toinenmunistakuoriut	finnish-window
20	2	munistakuoriutuijasi	finnish-window
20	2	kuoriutuijasieltäsyn	finnish-window
20	2	jasieltäsyntyitaikuu	finnish-window
20	2	taikuuskatseliluonno	finnish-window
20	2	katseliluonnonluomuk	finnish-window
20	2	luonnonluomuksiajaan	finnish-window
20	2	luomuksiajaantoiniil	finnish-window
20	2	sielunpainojalostija	finnish-window
20	2	painojalostijakierou	finnish-window
20	2	jalostijakierouttilu	finnish-window
20	2	jakierouttiluonnonlu	finnish-window
20	2	kierouttiluonnonluom	finnish-window
20	2	taikuusrikkoiluonnon	finnish-window
20	2	luontojataikuusalkoi	finnish-window
20	2	jataikuusalkoivatrii	finnish-window
20	2	taikuusalkoivatriide	finnish-window
20	2	alkoivatriidelläsiit	finnish-window
20	2	riidelläsiitämitenma	finnish-window
20	2	siitämitenmaailmanku	finnish-window
20	2	mitenmaailmankuuluis	finnish-window
20	2	maailmankuuluisiolla	finnish-window
20	2	munistaviimeinenkuor	finnish-window
20	2	viimeinenkuoriutuija	finnish-window
20	2	jasieltäsyntyiteknol	finnish-window
20	2	sieltäsyntyiteknolog	finnish-window
20	2	teknologiaantoiluonn	finnish-window
20	2	antoiluonnoneläimill	finnish-window
20	2	luonnoneläimillekyvy	finnish-window
20	2	eläimillekyvynkäyttä	finnish-window
20	2	kyvynkäyttääkoneitaj	finnish-window
20	2	käyttääkoneitajalait	finnish-window
20	3	wewantedyoutohaveher	voice-window
20	3	wewatchingyouyourwis	voice-window
20	3	wewantedyoutoknowher	voice-window
20	3	wereadingyoutoreadin	voice-window
20	3	wethinkyoutowatching	voice-window
20	3	youthinkyoucreatedth	voice-window
20	3	thetruewisdomwillkno	voice-window
20	3	youthinkyouseekingth	voice-window
20	3	weknowyouyourknowled	voice-window
20	3	thetrueknowledgewill	voice-window
20	3	wemadeyoutoworshiphe	voice-window
20	3	theanswerwillwatchin	voice-window
20	3	wecomeyouyourtruewis	voice-window
20	3	youthinkyoucometheso	voice-window
20	3	youthinkyouwantedthe	voice-window
20	3	wefindyoutocreatedhe	voice-window
20	3	wewatchingyoutohaveh	voice-window
20	3	youthinkyouhavethekn	voice-window
20	3	youthinkyouprovethew	voice-window
20	3	wereadingyouyourigno	voice-window
20	3	thefreewillwillcreat	voice-window
20	3	thedarknesswillwante	voice-window
20	3	wesatisfyyoutofindhe	voice-window
20	3	youthinkyouhaveanswe	voice-window
20	3	weseekingyouyourdark	voice-window
20	3	youthinkyoucomethetr	voice-window
20	3	theignorancewillseek	voice-window
20	3	thedarknesswillcomey	voice-window
20	3	youthinkyouworshipth	voice-window
20	3	wewantedyoutogainher	voice-window
20	3	wecreatedyouyouransw	voice-window
20	3	theworldswillreading	voice-window
20	3	theignorancewillmade	voice-window
20	3	youthinkyougainthefr	voice-window
20	3	weseekingyoutoseekin	voice-window
20	3	thefreewillwillwatch	voice-window
20	3	wewatchingyoutoknowh	voice-window
20	3	youthinkyoumadethewo	voice-window
20	3	youthinkyoufindthefr	voice-window
20	3	weworshipyouyouransw	voice-window
20	3	theanswerwillseeking	voice-window
20	3	wewantedyoutofindher	voice-window
20	3	weallowedyouyourwisd	voice-window
20	3	wewatchingyouyourans	voice-window
20	3	thetreasurewillhavey	voice-window
20	3	youthinkyoufindtheda	voice-window
20	3	theanswerswillgainyo	voice-window
20	3	weworshipyoutoallowe	voice-window
20	3	weknowyoutocreatedhe	voice-window
20	3	toreadingtrueknowled	voice-window
20	3	weknowyouyourtruewis	voice-window
20	3	theanswerswillfindyo	voice-window
20	3	youthinkyoumadethewi	voice-window
20	3	theknowledgewillwant	voice-window
20	3	weworshipyouyourwisd	voice-window
20	3	thedarknesswillfindy	voice-window
20	3	thedarknesswillprove	voice-window
20	3	theanswerswillsatisf	voice-window
20	3	weworshipyoutocomehe	voice-window
20	3	youthinkyoureadingth	voice-window
20	3	wereadingyoutohavehe	voice-window
20	3	youthinkyoucomethean	voice-window
20	3	youthinkyouwatchingt	voice-window
20	3	thefreewillwillworsh	voice-window
20	3	youthinkyouhavetruew	voice-window
20	3	toallowedtrueknowled	voice-window
20	3	wereadingyoutoknowhe	voice-window
20	3	youthinkyouallowedth	voice-window
20	3	wethinkyoutocreatedh	voice-window
20	3	wegaveyouyourdarknes	voice-window
20	3	wecomeyoutoallowedhe	voice-window
20	3	youthinkyouprovethet	voice-window
20	3	weallowedyoutocomehe	voice-window
20	3	wegainyouyourdarknes	voice-window
20	3	wecreatedyoutogainhe	voice-window
20	3	wesatisfyyouyourworl	voice-window
20	3	weworshipyoutogavehe	voice-window
20	3	thefreewillwillfindy	voice-window
20	3	theworldswillsatisfy	voice-window
20	3	weallowedyouyourigno	voice-window
20	3	wethinkyouyourknowle	voice-window
20	3	wefindyouyourtreasur	voice-window
20	3	wewantedyouyouranswe	voice-window
20	3	weproveyouyourtruewi	voice-window
20	3	butitisnothereshephe	voice-window
20	3	thesoulwillreadingyo	voice-window
20	3	wewatchingyoutoallow	voice-window
20	3	youthinkyouknowthetr	voice-window
20	3	weproveyoutocreatedh	voice-window
20	3	weseekingyoutogainhe	voice-window
20	3	thetruewisdomwillmad	voice-window
20	3	youthinkyouknowthekn	voice-window
20	3	wefindyoutoallowedhe	voice-window
20	3	wehaveyoutowantedher	voice-window
20	3	weproveyoutoworshiph	voice-window
20	3	weproveyoutowantedhe	voice-window
20	3	wethinkyoutowantedhe	voice-window
20	3	youcomehereseekingtr	voice-window
20	3	weproveyouyourtreasu	voice-window
20	3	theknowledgewillsati	voice-window
20	3	thetruewisdomwillwan	voice-window
20	3	thesoulwillworshipyo	voice-window
20	3	weworshipyoutomadehe	voice-window
20	3	theworldwillcreatedy	voice-window
20	3	weseekingyoutomadehe	voice-window
20	3	thetruewisdomwillsat	voice-window
20	3	wegaveyoutoallowedhe	voice-window
20	3	wereadingyouyourdark	voice-window
20	3	theworldwillallowedy	voice-window
20	3	wesatisfyyouyourigno	voice-window
20	3	youthinkyouknowthewo	voice-window
20	3	youthinkyoufindthekn	voice-window
20	3	weworshipyouyourworl	voice-window
20	3	youthinkyougainthewo	voice-window
20	3	weallowedyoutowanted	voice-window
20	3	wegainyouyourfreewil	voice-window
20	3	theanswerswillprovey	voice-window
20	3	wesatisfyyoutoproveh	voice-window
20	3	theworldswillworship	voice-window
20	3	weknowyoutoallowedhe	voice-window
20	3	youthinkyougavethefr	voice-window
20	3	theknowledgewillgain	voice-window
20	3	weseekingyoutothinkh	voice-window
20	3	wegainyouyourknowled	voice-window
20	3	theknowledgewillknow	voice-window
20	3	theanswerwillreading	voice-window
20	3	wegaveyouyourtruekno	voice-window
20	3	youthinkyousatisfyth	voice-window
20	3	wegaveyoutowatchingh	voice-window
20	3	weallowedyoutoproveh	voice-window
20	3	weseekingyoutoproveh	voice-window
20	3	youthinkyoufindthewi	voice-window
20	3	thetruewisdomwillsee	voice-window
20	3	theignorancewillgain	voice-window
20	3	weallowedyouyourworl	voice-window
20	3	weseekingyoutocomehe	voice-window
20	3	weknowyoutowantedher	voice-window
20	3	theknowledgewillwatc	voice-window
20	3	youthinkyougavethekn	voice-window
20	3	thesoulwillallowedyo	voice-window
20	3	wegaveyoutosatisfyhe	voice-window
20	3	youthinkyouhavewisdo	voice-window
20	3	weseekingyouyourwisd	voice-window
20	3	theignorancewillwors	voice-window
20	3	thesoulwillseekingyo	voice-window
20	3	wewantedyoutoworship	voice-window
20	3	wewatchingyouyourign	voice-window
20	3	wegainyoutosatisfyhe	voice-window
20	3	youthinkyougavethean	voice-window
20	3	wewatchingyoutocomeh	voice-window
20	3	wereadingyouyourtrue	voice-window
20	3	wecreatedyoutoknowhe	voice-window
20	3	thetreasurewillmadey	voice-window
20	3	thedarknesswillknowy	voice-window
20	3	wewantedyoutocreated	voice-window
20	3	wehaveyouyourfreewil	voice-window
20	3	thefreewillwillthink	voice-window
20	3	theworldswillseeking	voice-window
20	3	wethinkyouyourtruekn	voice-window
20	3	wefindyouyourfreewil	voice-window
20	3	youthinkyoucomethekn	voice-window
20	3	thedarknesswillwatch	voice-window
20	3	thetreasurewillreadi	voice-window
20	3	weseekingyoutowatchi	voice-window
20	3	wecomeyouyourtreasur	voice-window
20	3	youthinkyoumadethean	voice-window
20	3	theignorancewillthin	voice-window
20	3	theignorancewillfind	voice-window
20	3	wethinkyoutosatisfyh	voice-window
20	3	thetruewisdomwillcre	voice-window
20	3	thetruewisdomwillgav	voice-window
20	3	weallowedyoutogavehe	voice-window
20	3	wewatchingyoutoreadi	voice-window
20	3	wereadingyoutogainhe	voice-window
20	3	wecreatedyoutowanted	voice-window
20	3	thetruewisdomwillgai	voice-window
20	3	youthinkyoufindthean	voice-window
20	3	wethinkyouyourtruewi	voice-window
20	3	wewantedyouyourwisdo	voice-window
20	3	wewatchingyoutogainh	voice-window
20	3	weworshipyoutoseekin	voice-window
20	3	wesatisfyyouyourtrea	voice-window
20	3	youthinkyouhavethean	voice-window
20	3	weallowedyouyourknow	voice-window
20	3	theknowledgewillfind	voice-window
20	3	weseekingyoutocreate	voice-window
20	3	wehaveyoutoallowedhe	voice-window
20	3	theanswerwillworship	voice-window
20	3	wereadingyoutoseekin	voice-window
20	3	thefreewillwillwante	voice-window
20	3	youthinkyouhavethetr	voice-window
20	3	wehaveyoutoworshiphe	voice-window
20	3	wecreatedyouyourtrea	voice-window
20	3	wereadingyoutoworshi	voice-window
20	3	thetruewisdomwillfin	voice-window
20	3	weallowedyouyouransw	voice-window
20	3	youthinkyouknowtheda	voice-window
20	3	theignorancewillknow	voice-window
20	3	wewatchingyoutowante	voice-window
20	3	weworshipyouyourtrue	voice-window
20	3	thewisdomwillcreated	voice-window
20	3	weseekingyouyourworl	voice-window
20	3	butitisnotheredevote	voice-window
20	3	weproveyoutothinkher	voice-window
20	3	youthinkyouthinkthes	voice-window
20	3	wecreatedyoutoallowe	voice-window
20	3	wegaveyoutocreatedhe	voice-window
20	3	youthinkyouthinkthet	voice-window
20	3	wesatisfyyouyourknow	voice-window
20	3	youthinkyoufindthetr	voice-window
20	3	youcomehereseekingkn	voice-window
20	3	wewatchingyoutosatis	voice-window
20	3	wecreatedyoutosatisf	voice-window
20	3	youthinkyoumadethefr	voice-window
20	3	youthinkyouhavetheig	voice-window
20	3	youthinkyougainthetr	voice-window
20	3	theanswerswillwanted	voice-window
20	3	theknowledgewillseek	voice-window
20	3	wecomeyoutowatchingh	voice-window
20	3	thesoulwillwatchingy	voice-window
20	3	wegaveyouyourknowled	voice-window
20	3	wewatchingyouyourfre	voice-window
20	3	weseekingyouyouransw	voice-window
20	3	wereadingyouyourwisd	voice-window
20	3	wecreatedyoutohavehe	voice-window
20	3	wefindyoutoreadinghe	voice-window
20	3	wereadingyouyouransw	voice-window
20	3	theworldwillwatching	voice-window
20	3	youthinkyouhavetreas	voice-window
20	3	wewatchingyoutothink	voice-window
20	3	theanswerswillcomeyo	voice-window
20	3	wecreatedyoutoseekin	voice-window
20	3	provethinetrueknowle	voice-window
20	3	thetreasurewillknowy	voice-window
20	3	wecreatedyoutothinkh	voice-window
20	3	wecreatedyoutoreadin	voice-window
20	3	youthinkyougavethetr	voice-window
20	3	wegaveyoutoseekinghe	voice-window
20	3	thetreasurewillworsh	voice-window
20	3	wecreatedyouyourknow	voice-window
20	3	wegainyoutoallowedhe	voice-window
20	3	youthinkyouthinkthew	voice-window
20	3	wegainyoutowantedher	voice-window
20	3	thewisdomwillworship	voice-window
20	3	wehaveyouyourdarknes	voice-window
20	3	shepherdwearewatchin	voice-window
20	3	youthinkyouhavetheso	voice-window
20	3	youthinkyoucomethewi	voice-window
20	3	wesatisfyyoutohavehe	voice-window
20	3	wehaveyoutowatchingh	voice-window
20	3	youthinkyoufindthewo	voice-window
20	3	wecreatedyoutocomehe	voice-window
20	3	theanswerswillthinky	voice-window
20	3	wecreatedyouyourworl	voice-window
20	3	wereadingyouyourtrea	voice-window
20	3	thewisdomwillreading	voice-window
20	3	tosatisfytrueknowled	voice-window
20	3	weworshipyoutoreadin	voice-window
20	3	wereadingyoutomadehe	voice-window
20	3	weworshipyoutothinkh	voice-window
20	3	youthinkyoumadetheso	voice-window
20	3	weseekingyoutosatisf	voice-window
20	3	weallowedyoutoallowe	voice-window
20	3	youthinkyougainthekn	voice-window
20	3	wecomeyoutosatisfyhe	voice-window
20	3	youthinkyouthinkthef	voice-window
20	3	youthinkyougainthewi	voice-window
20	3	weworshipyoutogainhe	voice-window
20	3	wethinkyoutoallowedh	voice-window
20	3	youthinkyougaintheso	voice-window
20	3	youcomehereseekingda	voice-window
20	3	wesatisfyyoutogainhe	voice-window
20	3	weproveyoutoallowedh	voice-window
20	3	theanswerswillhaveyo	voice-window
20	3	wemadeyouyourtruekno	voice-window
20	3	youthinkyoumadethetr	voice-window
20	3	thedarknesswillgavey	voice-window
20	3	wethinkyoutoreadingh	voice-window
20	3	wemadeyoutowantedher	voice-window
20	3	wereadingyoutowatchi	voice-window
20	3	wesatisfyyoutoseekin	voice-window
20	3	youthinkyouprovethea	voice-window
20	3	thedarknesswillcreat	voice-window
20	3	weworshipyoutofindhe	voice-window
20	3	wesatisfyyouyourdark	voice-window
20	3	wereadingyoutoallowe	voice-window
20	3	thefreewillwillallow	voice-window
20	3	wesatisfyyoutoworshi	voice-window
20	3	weproveyouyourfreewi	voice-window
20	3	wewantedyoutosatisfy	voice-window
20	3	theanswerwillsatisfy	voice-window
20	3	weworshipyouyourfree	voice-window
20	3	weproveyoutoseekingh	voice-window
20	3	youthinkyouprovethei	voice-window
20	3	weallowedyouyourfree	voice-window
20	3	thefreewillwillhavey	voice-window
20	3	weallowedyoutofindhe	voice-window
20	3	theknowledgewillgave	voice-window
20	3	wegaveyoutoworshiphe	voice-window
20	3	weproveyoutowatching	voice-window
20	3	theknowledgewillthin	voice-window
20	3	wesatisfyyoutoknowhe	voice-window
20	3	thetreasurewillcomey	voice-window
20	3	youthinkyoucometheig	voice-window
20	3	wewatchingyoutoseeki	voice-window
20	3	youcomehereseekingwo	voice-window
20	3	wefindyoutoseekinghe	voice-window
20	3	wewatchingyouyourtru	voice-window
20	3	weseekingyoutowanted	voice-window
20	3	weseekingyoutogavehe	voice-window
20	3	wethinkyouyourignora	voice-window
20	3	thetreasurewillfindy	voice-window
20	3	youthinkyouprovethes	voice-window
20	3	youthinkyougavethewo	voice-window
20	3	wewantedyouyourfreew	voice-window
20	3	youthinkyoumadethekn	voice-window
20	3	theignorancewillgave	voice-window
20	3	theworldswillwatchin	voice-window
20	3	monsterwearewatching	voice-window
20	3	wegainyouyourtruewis	voice-window
20	3	youthinkyoucomethewo	voice-window
20	3	weallowedyoutocreate	voice-window
20	3	youthinkyougavetheda	voice-window
20	3	wewantedyoutowatchin	voice-window
20	3	wethinkyouyourtreasu	voice-window
20	3	wecomeyouyourknowled	voice-window
20	3	wewantedyoutoreading	voice-window
20	3	wemadeyoutosatisfyhe	voice-window
20	3	youthinkyouhavedarkn	voice-window
20	3	thewisdomwillthinkyo	voice-window
20	3	theknowledgewillallo	voice-window
20	3	weworshipyouyourknow	voice-window
20	3	theignorancewillcome	voice-window
20	3	youcomehereseekingig	voice-window
20	3	theanswerswillworshi	voice-window
20	3	wereadingyoutoproveh	voice-window
20	3	wegaveyouyourtreasur	voice-window
20	3	youthinkyoumadetheda	voice-window
20	3	wegaveyoutoreadinghe	voice-window
20	3	wewatchingyouyourtre	voice-window
20	3	thefreewillwillgainy	voice-window
20	3	theknowledgewillwors	voice-window
20	3	youthinkyouknowthewi	voice-window
20	3	thetreasurewillallow	voice-window
20	3	weseekingyouyourknow	voice-window
20	3	youthinkyougainthean	voice-window
20	3	wesatisfyyoutothinkh	voice-window
20	3	thesoulwillcreatedyo	voice-window
20	3	thedarknesswillmadey	voice-window
20	3	wegaveyoutowantedher	voice-window
20	3	wefindyouyourknowled	voice-window
20	3	thefreewillwillmadey	voice-window
20	3	thedarknesswillhavey	voice-window
20	3	wereadingyoutosatisf	voice-window
20	3	weallowedyoutogainhe	voice-window
20	3	youthinkyouhavetruek	voice-window
20	3	devotedseekerwearewa	voice-window
20	3	wereadingyoutocreate	voice-window
20	3	thetreasurewillgavey	voice-window
20	3	wesatisfyyoutoreadin	voice-window
20	3	weknowyoutoreadinghe	voice-window
20	3	weproveyouyourknowle	voice-window
20	3	youthinkyougavetheig	voice-window
20	3	weworshipyoutosatisf	voice-window
20	3	wewatchingyoutogaveh	voice-window
20	3	weseekingyouyourtrea	voice-window
20	3	wewantedyoutothinkhe	voice-window
20	3	weallowedyoutohavehe	voice-window
20	3	wefindyouyourtruekno	voice-window
20	3	wecreatedyouyourfree	voice-window
20	3	youthinkyouthinkthei	voice-window
20	3	theanswerwillallowed	voice-window
20	3	weallowedyouyourtrea	voice-window
20	3	theworldwillwantedyo	voice-window
20	3	wecreatedyouyourdark	voice-window
20	3	youthinkyougavethewi	voice-window
20	3	wecomeyoutocreatedhe	voice-window
20	3	thewisdomwillsatisfy	voice-window
20	3	youthinkyoufindtheig	voice-window
20	3	thefreewillwillseeki	voice-window
20	3	towantedtrueknowledg	voice-window
20	3	wesatisfyyoutowanted	voice-window
20	3	weallowedyoutoseekin	voice-window
20	3	wesatisfyyoutocomehe	voice-window
20	3	weseekingyoutohavehe	voice-window
20	3	weknowyouyourignoran	voice-window
20	3	theignorancewillallo	voice-window
20	3	wemadeyoutocreatedhe	voice-window
20	3	youthinkyoucometheda	voice-window
20	3	wehaveyouyourknowled	voice-window
20	3	theknowledgewillhave	voice-window
20	3	wereadingyoutocomehe	voice-window
20	3	weworshipyoutowatchi	voice-window
20	3	wereadingyouyourworl	voice-window
20	3	weknowyoutoseekinghe	voice-window
20	3	wehaveyouyourtruewis	voice-window
20	3	youthinkyouhaveignor	voice-window
20	3	youthinkyouknowtheig	voice-window
20	3	thetruewisdomwillwat	voice-window
20	3	theignorancewillprov	voice-window
20	3	seekerwearewatchingy	voice-window
20	3	thefreewillwillsatis	voice-window
20	3	wefindyoutowatchingh	voice-window
20	3	weworshipyouyourtrea	voice-window
20	3	thedarknesswillallow	voice-window
20	3	youthinkyouthinkthed	voice-window
20	3	weknowyoutoworshiphe	voice-window
20	3	thefreewillwillreadi	voice-window
20	3	thetruewisdomwillpro	voice-window
20	3	weallowedyouyourtrue	voice-window
20	3	wecreatedyoutomadehe	voice-window
20	3	theanswerwillproveyo	voice-window
20	3	wewatchingyoutoprove	voice-window
20	3	youthinkyouthinkthek	voice-window
20	3	weallowedyoutoreadin	voice-window
20	3	wegaveyouyourignoran	voice-window
20	3	wegainyoutowatchingh	voice-window
20	3	wereadingyoutofindhe	voice-window
20	3	youthinkyouthinkthea	voice-window
20	3	weknowyouyourtreasur	voice-window
20	3	wewatchingyoutomadeh	voice-window
20	3	weseekingyoutofindhe	voice-window
20	3	wesatisfyyoutogavehe	voice-window
20	3	wereadingyouyourknow	voice-window
20	3	wewantedyouyourignor	voice-window
20	3	wereadingyouyourfree	voice-window
20	3	wewantedyoutomadeher	voice-window
20	3	theworldswillthinkyo	voice-window
20	3	wethinkyoutoseekingh	voice-window
20	3	wewatchingyoutocreat	voice-window
20	3	theknowledgewillcrea	voice-window
20	3	wesatisfyyoutocreate	voice-window
20	3	weproveyouyourignora	voice-window
20	3	wecreatedyouyourtrue	voice-window
20	3	youthinkyouprovethef	voice-window
20	3	weworshipyouyourigno	voice-window
20	3	wemadeyoutoreadinghe	voice-window
20	3	wewantedyouyourdarkn	voice-window
20	3	tocreatedtrueknowled	voice-window
20	3	wecreatedyouyourwisd	voice-window
20	3	wewantedyouyourtruek	voice-window
20	3	theworldswillcreated	voice-window
20	3	wecomeyoutowantedher	voice-window
20	3	weworshipyoutocreate	voice-window
20	3	wegainyouyourignoran	voice-window
20	3	youcomehereseekingfr	voice-window
20	3	wemadeyouyourtruewis	voice-window
20	3	thewisdomwillseeking	voice-window
20	3	weseekingyouyourigno	voice-window
20	3	theanswerswillmadeyo	voice-window
20	3	wecreatedyouyourigno	voice-window
20	3	youthinkyougaintheig	voice-window
20	3	wewatchingyouyoursou	voice-window
20	3	theknowledgewillprov	voice-window
20	3	theignorancewillwatc	voice-window
20	3	youthinkyoufindtheso	voice-window
20	3	wegainyoutocreatedhe	voice-window
20	3	thedarknesswillreadi	voice-window
20	3	thetruewisdomwillcom	voice-window
20	3	weallowedyoutowatchi	voice-window
20	3	wemadeyoutowatchingh	voice-window
20	3	theignorancewillcrea	voice-window
20	3	wewantedyouyourknowl	voice-window
20	3	thetreasurewillprove	voice-window
20	3	thedarknesswillseeki	voice-window
20	3	wemadeyouyourignoran	voice-window
20	3	youthinkyouhaveknowl	voice-window
20	3	wesatisfyyoutomadehe	voice-window
20	3	weworshipyoutoworshi	voice-window
20	3	youthinkyouprovethed	voice-window
20	3	wehaveyoutocreatedhe	voice-window
20	3	wecreatedyoutoworshi	voice-window
20	3	youcomehereseekingso	voice-window
20	3	wemadeyouyourdarknes	voice-window
20	3	theanswerwillcreated	voice-window
20	3	thetreasurewillwante	voice-window
20	3	wehaveyouyourtruekno	voice-window
20	3	knowertobewearewatch	voice-window
20	3	thedarknesswillsatis	voice-window
20	3	youthinkyouhavethefr	voice-window
20	3	wehaveyoutoseekinghe	voice-window
20	3	wewatchingyouyourdar	voice-window
20	3	wesatisfyyouyourfree	voice-window
20	3	wereadingyoutogavehe	voice-window
20	3	weworshipyoutoknowhe	voice-window
20	3	wethinkyoutothinkher	voice-window
20	3	theanswerswillknowyo	voice-window
20	3	wegainyoutoreadinghe	voice-window
20	3	theanswerswillreadin	voice-window
20	3	wecomeyouyourtruekno	voice-window
20	3	thesoulwillsatisfyyo	voice-window
20	3	thetruewisdomwillrea	voice-window
20	3	theanswerswillgaveyo	voice-window
20	3	theanswerwillwantedy	voice-window
20	3	weseekingyouyourtrue	voice-window
20	3	thefreewillwillgavey	voice-window
20	3	knowerwearewatchingy	voice-window
20	3	theworldswillwantedy	voice-window
20	3	butitisnotheremonste	voice-window
20	3	thefreewillwillprove	voice-window
20	3	wehaveyoutoreadinghe	voice-window
20	3	wewantedyouyourtreas	voice-window
20	3	weworshipyoutoproveh	voice-window
20	3	wesatisfyyouyouransw	voice-window
20	3	thewisdomwillwantedy	voice-window
20	3	thedarknesswillgainy	voice-window
20	3	wecreatedyoutofindhe	voice-window
20	3	wewatchingyoutowatch	voice-window
20	3	toseekingtrueknowled	voice-window
20	3	wewantedyoutoprovehe	voice-window
20	3	wefindyouyourignoran	voice-window
20	3	weproveyouyourtruekn	voice-window
20	3	weseekingyoutoreadin	voice-window
20	3	wewatchingyoutofindh	voice-window
20	3	weproveyoutoreadingh	voice-window
20	3	wegaveyouyourtruewis	voice-window
20	3	wesatisfyyoutoallowe	voice-window
20	3	youthinkyouknowtheso	voice-window
20	3	weproveyoutoproveher	voice-window
20	3	theworldwillsatisfyy	voice-window
20	3	youthinkyouhavethewo	voice-window
20	3	wemadeyouyourtreasur	voice-window
20	3	wewantedyoutogaveher	voice-window
20	3	thetruewisdomwillall	voice-window
20	3	wesatisfyyoutosatisf	voice-window
20	3	thetruewisdomwillthi	voice-window
20	3	weseekingyoutoallowe	voice-window
20	3	weseekingyoutoworshi	voice-window
20	3	weallowedyoutoworshi	voice-window
20	3	theanswerswillallowe	voice-window
20	3	weallowedyouyourdark	voice-window
20	3	wefindyoutosatisfyhe	voice-window
20	3	wegainyouyourtreasur	voice-window
20	3	youthinkyoumadetheig	voice-window
20	3	wecomeyouyourdarknes	voice-window
20	3	theignorancewillwant	voice-window
20	3	wefindyoutowantedher	voice-window
20	3	weseekingyouyourfree	voice-window
20	3	weseekingyoutoknowhe	voice-window
20	3	wewatchingyouyourwor	voice-window
20	3	wemadeyoutoseekinghe	voice-window
20	3	youcomehereseekingwi	voice-window
20	3	youthinkyouhavetheda	voice-window
20	3	youthinkyoucomethefr	voice-window
20	3	wethinkyoutoworshiph	voice-window
20	3	theknowledgewillmade	voice-window
20	3	wewatchingyoutoworsh	voice-window
20	3	wecreatedyoutocreate	voice-window
20	3	theknowledgewillcome	voice-window
20	3	youthinkyouprovethek	voice-window
20	3	theanswerswillseekin	voice-window
20	3	theworldwillseekingy	voice-window
20	3	weknowyoutowatchingh	voice-window
20	3	wehaveyouyourignoran	voice-window
20	3	wefindyouyourdarknes	voice-window
20	3	youthinkyougaintheda	voice-window
20	3	wesatisfyyouyourtrue	voice-window
20	3	wecomeyoutoworshiphe	voice-window
20	3	wecomeyoutoreadinghe	voice-window
20	3	weproveyoutosatisfyh	voice-window
20	3	toworshiptrueknowled	voice-window
20	3	weknowyoutosatisfyhe	voice-window
20	3	weallowedyoutothinkh	voice-window
20	3	thefreewillwillknowy	voice-window
20	3	theanswerswillcreate	voice-window
20	3	wecomeyouyourignoran	voice-window
20	3	wewantedyoutoallowed	voice-window
20	3	towatchingtrueknowle	voice-window
20	3	wewantedyouyourtruew	voice-window
20	3	weproveyouyourdarkne	voice-window
20	3	theworldswillallowed	voice-window
20	3	weallowedyoutoknowhe	voice-window
20	3	wesatisfyyouyourwisd	voice-window
20	3	thetreasurewillthink	voice-window
20	3	wegainyoutoseekinghe	voice-window
20	3	wefindyouyourtruewis	voice-window
20	3	thetruewisdomwillwor	voice-window
20	3	wehaveyouyourtreasur	voice-window
20	3	weknowyouyourtruekno	voice-window
20	3	thetreasurewillgainy	voice-window
20	3	thedarknesswillthink	voice-window
20	3	theignorancewillsati	voice-window
20	3	youthinkyougavetheso	voice-window
20	3	wereadingyoutowanted	voice-window
20	3	wehaveyoutosatisfyhe	voice-window
20	3	wecreatedyoutoproveh	voice-window
20	3	theignorancewillread	voice-window
20	3	weallowedyoutomadehe	voice-window
20	3	wewantedyoutoseeking	voice-window
20	3	wecomeyouyourfreewil	voice-window
20	3	thewisdomwillwatchin	voice-window
20	3	weknowyouyourfreewil	voice-window
20	3	theanswerswillwatchi	voice-window
20	3	wereadingyoutothinkh	voice-window
20	3	wemadeyouyourfreewil	voice-window
20	3	wemadeyouyourknowled	voice-window
20	3	thedarknesswillworsh	voice-window
20	3	thetreasurewillcreat	voice-window
20	3	wethinkyouyourdarkne	voice-window
20	3	thewisdomwillallowed	voice-window
20	3	wewatchingyouyourkno	voice-window
20	3	theignorancewillhave	voice-window
20	3	youthinkyouknowthefr	voice-window
20	3	wecomeyoutoseekinghe	voice-window
20	3	weknowyouyourdarknes	voice-window
20	3	wegainyoutoworshiphe	voice-window
20	3	wecreatedyoutogavehe	voice-window
20	3	theworldswillproveyo	voice-window
20	3	wethinkyoutoproveher	voice-window
20	3	thetruewisdomwillhav	voice-window
20	3	wethinkyouyourfreewi	voice-window
20	3	wesatisfyyoutowatchi	voice-window
20	3	theworldwillreadingy	voice-window
20	3	weworshipyouyourdark	voice-window
20	3	wewantedyoutowantedh	voice-window
20	3	whyareyouwatchingthi	voice-window
20	3	theworldwillworshipy	voice-window
20	3	thetreasurewillseeki	voice-window
20	3	youthinkyouhavethewi	voice-window
20	3	thewisdomwillproveyo	voice-window
20	3	thetreasurewillwatch	voice-window
20	3	theanswerwillthinkyo	voice-window
20	3	theknowledgewillread	voice-window
20	3	wemadeyoutoallowedhe	voice-window
20	3	thefreewillwillcomey	voice-window
20	3	weallowedyoutosatisf	voice-window
20	3	wecreatedyoutowatchi	voice-window
20	3	weworshipyoutowanted	voice-window
20	3	weworshipyoutohavehe	voice-window
20	3	wefindyoutoworshiphe	voice-window
20	3	wegainyouyourtruekno	voice-window
23	1	wewatchingyouyourwisdom	voice-exact
23	1	wecomeyouyourtruewisdom	voice-exact
23	1	wewatchingyoutohavehere	voice-exact
23	1	wecreatedyouyouranswers	voice-exact
23	1	theworldswillreadingyou	voice-exact
23	1	theignorancewillmadeyou	voice-exact
23	1	wewatchingyoutoknowhere	voice-exact
23	1	theanswerwillseekingyou	voice-exact
23	1	weknowyouyourtruewisdom	voice-exact
23	1	thedarknesswillproveyou	voice-exact
23	1	wethinkyoutocreatedhere	voice-exact
23	1	theworldswillsatisfyyou	voice-exact
23	1	wethinkyouyourknowledge	voice-exact
23	1	weproveyoutocreatedhere	voice-exact
23	1	weproveyoutoworshiphere	voice-exact
23	1	youthinkyougaintheworld	voice-exact
23	1	wesatisfyyoutoprovehere	voice-exact
23	1	theworldswillworshipyou	voice-exact
23	1	theknowledgewillgainyou	voice-exact
23	1	weseekingyoutothinkhere	voice-exact
23	1	theknowledgewillknowyou	voice-exact
23	1	theanswerwillreadingyou	voice-exact
23	1	wegaveyoutowatchinghere	voice-exact
23	1	weallowedyoutoprovehere	voice-exact
23	1	weseekingyoutoprovehere	voice-exact
23	1	theignorancewillgainyou	voice-exact
23	1	wewatchingyoutocomehere	voice-exact
23	1	thefreewillwillthinkyou	voice-exact
23	1	theworldswillseekingyou	voice-exact
23	1	theignorancewillfindyou	voice-exact
23	1	wethinkyoutosatisfyhere	voice-exact
23	1	wewatchingyoutogainhere	voice-exact
23	1	theknowledgewillfindyou	voice-exact
23	1	theanswerwillworshipyou	voice-exact
23	1	weallowedyouyouranswers	voice-exact
23	1	theignorancewillknowyou	voice-exact
23	1	thewisdomwillcreatedyou	voice-exact
23	1	youthinkyouthinkthesoul	voice-exact
23	1	theanswerswillwantedyou	voice-exact
23	1	wecomeyoutowatchinghere	voice-exact
23	1	wereadingyouyouranswers	voice-exact
23	1	theworldwillwatchingyou	voice-exact
23	1	youthinkyouhavetreasure	voice-exact
23	1	provethinetrueknowledge	voice-exact
23	1	wecreatedyoutothinkhere	voice-exact
23	1	thewisdomwillworshipyou	voice-exact
23	1	wehaveyoutowatchinghere	voice-exact
23	1	thewisdomwillreadingyou	voice-exact
23	1	weworshipyoutothinkhere	voice-exact
23	1	wethinkyoutoallowedhere	voice-exact
23	1	weproveyoutoallowedhere	voice-exact
23	1	youthinkyoufindtheworld	voice-exact
23	1	wethinkyoutoreadinghere	voice-exact
23	1	theanswerwillsatisfyyou	voice-exact
23	1	weproveyoutoseekinghere	voice-exact
23	1	theknowledgewillgaveyou	voice-exact
23	1	youcomehereseekingworld	voice-exact
23	1	wethinkyouyourignorance	voice-exact
23	1	youthinkyouprovethesoul	voice-exact
23	1	wewantedyouyourfreewill	voice-exact
23	1	theignorancewillgaveyou	voice-exact
23	1	monsterwearewatchingyou	voice-exact
23	1	wegainyouyourtruewisdom	voice-exact
23	1	youthinkyoucometheworld	voice-exact
23	1	youthinkyouhavedarkness	voice-exact
23	1	theignorancewillcomeyou	voice-exact
23	1	wereadingyoutoprovehere	voice-exact
23	1	wesatisfyyoutothinkhere	voice-exact
23	1	weproveyouyourknowledge	voice-exact
23	1	wewatchingyoutogavehere	voice-exact
23	1	theanswerwillallowedyou	voice-exact
23	1	thewisdomwillsatisfyyou	voice-exact
23	1	theknowledgewillhaveyou	voice-exact
23	1	wehaveyouyourtruewisdom	voice-exact
23	1	wewatchingyouyouranswer	voice-exact
23	1	wefindyoutowatchinghere	voice-exact
23	1	wegainyoutowatchinghere	voice-exact
23	1	wewatchingyoutomadehere	voice-exact
23	1	youthinkyouknowtheworld	voice-exact
23	1	wethinkyoutoseekinghere	voice-exact
23	1	weproveyouyourignorance	voice-exact
23	1	wewantedyouyourdarkness	voice-exact
23	1	theworldswillcreatedyou	voice-exact
23	1	wemadeyouyourtruewisdom	voice-exact
23	1	thewisdomwillseekingyou	voice-exact
23	1	wemadeyoutowatchinghere	voice-exact
23	1	thetreasurewillproveyou	voice-exact
23	1	theanswerwillcreatedyou	voice-exact
23	1	youthinkyougavetheworld	voice-exact
23	1	thefreewillwillproveyou	voice-exact
23	1	wewantedyouyourtreasure	voice-exact
23	1	weworshipyoutoprovehere	voice-exact
23	1	wesatisfyyouyouranswers	voice-exact
23	1	wewatchingyoutofindhere	voice-exact
23	1	weproveyoutoreadinghere	voice-exact
23	1	wegaveyouyourtruewisdom	voice-exact
23	1	youthinkyoumadetheworld	voice-exact
23	1	youthinkyouhavetheworld	voice-exact
23	1	weseekingyouyouranswers	voice-exact
23	1	wethinkyoutoworshiphere	voice-exact
23	1	theknowledgewillmadeyou	voice-exact
23	1	theknowledgewillcomeyou	voice-exact
23	1	weknowyoutowatchinghere	voice-exact
23	1	weworshipyouyouranswers	voice-exact
23	1	weproveyoutosatisfyhere	voice-exact
23	1	weallowedyoutothinkhere	voice-exact
23	1	towatchingtrueknowledge	voice-exact
23	1	theworldswillallowedyou	voice-exact
23	1	thetreasurewillthinkyou	voice-exact
23	1	wefindyouyourtruewisdom	voice-exact
23	1	thedarknesswillthinkyou	voice-exact
23	1	wecreatedyoutoprovehere	voice-exact
23	1	wereadingyoutothinkhere	voice-exact
23	1	wewatchingyouyourworlds	voice-exact
23	1	thewisdomwillallowedyou	voice-exact
23	1	theignorancewillhaveyou	voice-exact
23	1	youthinkyouhavefreewill	voice-exact
23	1	wewantedyoutowantedhere	voice-exact
23	2	thegodofgodstheonetrueg	guide-window
23	2	ifwevecreatedyourgodand	guide-window
23	2	wevecreatedyourgodandyo	guide-window
23	2	vecreatedyourgodandyour	guide-window
23	2	createdyourgodandyourgo	guide-window
23	2	yourgodandyourgodofgods	guide-window
23	2	godandyourgodofgodsandy	guide-window
23	2	andyourgodofgodsandyoua	guide-window
23	2	yourgodofgodsandyouandy	guide-window
23	2	godofgodsandyouandyourf	guide-window
23	2	ofgodsandyouandyourfree	guide-window
23	2	godsandyouandyourfreewi	guide-window
23	2	andyouandyourfreewillan	guide-window
23	2	youandyourfreewillandth	guide-window
23	2	andyourfreewillandthisw	guide-window
23	2	yourfreewillandthisworl	guide-window
23	2	freewillandthisworldand	guide-window
23	2	willandthisworldandallt	guide-window
23	2	andthisworldandallthewo	guide-window
23	2	thisworldandalltheworld	guide-window
23	2	weallowedyoutohavefreew	guide-window
23	2	allowedyoutohavefreewil	guide-window
23	2	yourtruegodistherealmon	guide-window
23	2	truegodistherealmonster	guide-window
23	2	youcomehereseekinganswe	guide-window
23	2	youthinkwehavealltheans	guide-window
23	2	thinkwehavealltheanswer	guide-window
23	2	andnotjustthisplaceallt	guide-window
23	2	notjustthisplaceallthep	guide-window
23	2	justthisplacealltheplac	guide-window
23	2	thisplacealltheplacesal	guide-window
23	2	placealltheplacesallthe	guide-window
23	2	alltheplacesallthedimen	guide-window
23	2	theplacesallthedimensio	guide-window
23	2	placesallthedimensionsa	guide-window
23	2	allthedimensionsallthef	guide-window
23	2	thedimensionsallthefree	guide-window
23	2	dimensionsallthefreewil	guide-window
23	2	butitisnothereknowertob	guide-window
23	2	devotedseekeraftertruew	guide-window
23	2	seekeraftertruewisdomkn	guide-window
23	2	aftertruewisdomknowthis	guide-window
23	2	truewisdomknowthisweare	guide-window
23	2	wisdomknowthiswearewatc	guide-window
23	2	knowthiswearewatchingyo	guide-window
23	2	whatanswersareyoutrying	guide-window
23	2	answersareyoutryingtofi	guide-window
23	2	areyoutryingtofindinher	guide-window
23	2	youthinkyouknowtheanswe	guide-window
23	2	thinkyouknowtheanswerbu	guide-window
23	2	youknowtheanswerbutyoud	guide-window
23	2	knowtheanswerbutyoudont	guide-window
23	2	youthinkthetreasurewill	guide-window
23	2	thinkthetreasurewillsat	guide-window
23	2	thetreasurewillsatisfyy	guide-window
23	2	treasurewillsatisfyyoub	guide-window
23	2	willsatisfyyoubutitwont	guide-window
23	2	yougaveyourfreewilltoth	guide-window
23	2	gaveyourfreewilltothetr	guide-window
23	2	yourfreewilltothetruego	guide-window
23	2	whyelsewouldbereadingth	guide-window
23	2	wereimpressedwithyoukno	guide-window
23	2	reimpressedwithyouknowe	guide-window
23	2	impressedwithyouknowert	guide-window
23	2	theessenceoflifeanddeat	volume-window
23	2	provethineknowledgefrom	volume-window
23	2	thineknowledgefromwhati	volume-window
23	2	knowledgefromwhatisthew	volume-window
23	2	fromwhatisthewestcreate	volume-window
23	2	knowledgefromwhatisthee	volume-window
23	2	fromwhatistheeastcreate	volume-window
23	2	tohavetrueknowledgeisto	volume-window
23	2	havetrueknowledgeistose	volume-window
23	2	trueknowledgeistoseethe	volume-window
23	2	knowledgeistoseethedark	volume-window
23	2	istoseethedarknessofign	volume-window
23	2	toseethedarknessofignor	volume-window
23	2	seethedarknessofignoran	volume-window
23	2	togaintrueknowledgeonem	volume-window
23	2	gaintrueknowledgeonemus	volume-window
23	2	trueknowledgeonemustslo	volume-window
23	2	knowledgeonemustslowdow	volume-window
23	2	onemustslowdownandnothu	volume-window
23	2	mustslowdownandnothurry	volume-window
23	2	awakentheflockoftheshep	volume-window
23	2	theflockoftheshepherdan	volume-window
23	2	flockoftheshepherdandth	volume-window
23	2	oftheshepherdandthinkfo	volume-window
23	2	theshepherdandthinkfort	volume-window
23	2	shepherdandthinkforthys	volume-window
23	2	towalkamileinsomeoneels	volume-window
23	2	walkamileinsomeoneelses	volume-window
23	2	amileinsomeoneelsesboot	volume-window
23	2	mileinsomeoneelsesboots	volume-window
23	2	trueknowledgeisaslipper	volume-window
23	2	knowledgeisaslipperythi	volume-window
23	2	thefouressencesrepresen	volume-window
23	2	fouressencesrepresentth	volume-window
23	2	essencesrepresentthefou	volume-window
23	2	representthefourelement	volume-window
23	2	thefourelementsthatform	volume-window
23	2	fourelementsthatformthi	volume-window
23	2	elementsthatformthisvis	volume-window
23	2	thatformthisvisibleworl	volume-window
23	2	keskikesänkuikkalenteli	finnish-window
23	2	kuikkalentelisuonylläja	finnish-window
23	2	lentelisuonylläjalaskeu	finnish-window
23	2	suonylläjalaskeutuisuur	finnish-window
23	2	ylläjalaskeutuisuurenpu	finnish-window
23	2	jalaskeutuisuurenpuunju	finnish-window
23	2	laskeutuisuurenpuunjuur	finnish-window
23	2	ensimmäinenmunistavierä	finnish-window
23	2	munistavierähtipesästäj	finnish-window
23	2	vierähtipesästäjahalkes	finnish-window
23	2	verestämuodostuielämäja	finnish-window
23	2	muodostuielämäjakuolema	finnish-window
23	2	valkuainenvaluilänteenj	finnish-window
23	2	valuilänteenjasiitämuod	finnish-window
23	2	länteenjasiitämuodostui	finnish-window
23	2	jasiitämuodostuikylmyys	finnish-window
23	2	siitämuodostuikylmyysja	finnish-window
23	2	keltuainenvaluiitäänjas	finnish-window
23	2	valuiitäänjasiitämuodos	finnish-window
23	2	itäänjasiitämuodostuilä	finnish-window
23	2	jasiitämuodostuilämpöja	finnish-window
23	2	siitämuodostuilämpöjatu	finnish-window
23	2	viimeinmunastakuoriutui	finnish-window
23	2	luontoloilaitluonnonase	finnish-window
23	2	loilaitluonnonasettielä	finnish-window
23	2	laitluonnonasettieläime	finnish-window
23	2	luonnonasettieläimetnii	finnish-window
23	2	asettieläimetniitytjoet	finnish-window
23	2	eläimetniitytjoetkummut	finnish-window
23	2	niitytjoetkummutjavuore	finnish-window
23	2	toinenmunistakuoriutuij	finnish-window
23	2	munistakuoriutuijasielt	finnish-window
23	2	kuoriutuijasieltäsyntyi	finnish-window
23	2	taikuuskatseliluonnonlu	finnish-window
23	2	katseliluonnonluomuksia	finnish-window
23	2	luonnonluomuksiajaantoi	finnish-window
23	2	luomuksiajaantoiniilles	finnish-window
23	2	sielunpainojalostijakie	finnish-window
23	2	painojalostijakieroutti	finnish-window
23	2	jalostijakierouttiluonn	finnish-window
23	2	jakierouttiluonnonluomu	finnish-window
23	2	kierouttiluonnonluomuks	finnish-window
23	2	taikuusrikkoiluonnonlak	finnish-window
23	2	luontojataikuusalkoivat	finnish-window
23	2	jataikuusalkoivatriidel	finnish-window
23	2	taikuusalkoivatriidellä	finnish-window
23	2	alkoivatriidelläsiitämi	finnish-window
23	2	riidelläsiitämitenmaail	finnish-window
23	2	siitämitenmaailmankuulu	finnish-window
23	2	mitenmaailmankuuluisiol	finnish-window
23	2	munistaviimeinenkuoriut	finnish-window
23	2	viimeinenkuoriutuijasie	finnish-window
23	2	jasieltäsyntyiteknologi	finnish-window
23	2	teknologiaantoiluonnone	finnish-window
23	2	antoiluonnoneläimilleky	finnish-window
23	2	luonnoneläimillekyvynkä	finnish-window
23	2	eläimillekyvynkäyttääko	finnish-window
23	2	kyvynkäyttääkoneitajala	finnish-window
23	2	käyttääkoneitajalaittei	finnish-window
23	3	wereadingyoutoreadinghe	voice-window
23	3	wethinkyoutowatchingher	voice-window
23	3	youthinkyoucreatedthewi	voice-window
23	3	thetruewisdomwillknowyo	voice-window
23	3	youthinkyouseekingthekn	voice-window
23	3	thetrueknowledgewillpro	voice-window
23	3	theanswerwillwatchingyo	voice-window
23	3	youthinkyouwantedthewor	voice-window
23	3	youthinkyouhavetheknowl	voice-window
23	3	youthinkyouprovethewisd	voice-window
23	3	wereadingyouyourignoran	voice-window
23	3	thefreewillwillcreatedy	voice-window
23	3	thedarknesswillwantedyo	voice-window
23	3	weseekingyouyourdarknes	voice-window
23	3	youthinkyoucomethetreas	voice-window
23	3	theignorancewillseeking	voice-window
23	3	youthinkyouworshiptheig	voice-window
23	3	youthinkyougainthefreew	voice-window
23	3	weseekingyoutoseekinghe	voice-window
23	3	thefreewillwillwatching	voice-window
23	3	youthinkyoucreatedthean	voice-window
23	3	youthinkyoufindthefreew	voice-window
23	3	youthinkyoufindthedarkn	voice-window
23	3	weworshipyoutoallowedhe	voice-window
23	3	youthinkyouworshipthetr	voice-window
23	3	youthinkyouseekingthewo	voice-window
23	3	youthinkyoumadethewisdo	voice-window
23	3	theknowledgewillwantedy	voice-window
23	3	theanswerswillsatisfyyo	voice-window
23	3	youthinkyoureadingtheda	voice-window
23	3	youthinkyoucometheanswe	voice-window
23	3	youthinkyouseekingthetr	voice-window
23	3	youthinkyouwatchingthet	voice-window
23	3	thefreewillwillworshipy	voice-window
23	3	youthinkyouhavetruewisd	voice-window
23	3	youthinkyouallowedthewo	voice-window
23	3	youthinkwehaveallthesou	voice-window
23	3	youthinkyouprovethetrea	voice-window
23	3	youthinkwehaveallthefre	voice-window
23	3	weallowedyouyourignoran	voice-window
23	3	weproveyouyourtruewisdo	voice-window
23	3	wewatchingyoutoallowedh	voice-window
23	3	youthinkyouknowthetruek	voice-window
23	3	thetruewisdomwillmadeyo	voice-window
23	3	youthinkyouseekingthean	voice-window
23	3	thetrueknowledgewillcom	voice-window
23	3	youthinkyouwatchingthed	voice-window
23	3	youthinkyouknowtheknowl	voice-window
23	3	youthinkyouallowedthefr	voice-window
23	3	youcomehereseekingtreas	voice-window
23	3	theknowledgewillsatisfy	voice-window
23	3	thetruewisdomwillwanted	voice-window
23	3	thetruewisdomwillsatisf	voice-window
23	3	youthinkwehavealltheign	voice-window
23	3	wereadingyouyourdarknes	voice-window
23	3	wesatisfyyouyourignoran	voice-window
23	3	youthinkyoufindtheknowl	voice-window
23	3	weallowedyoutowantedher	voice-window
23	3	youthinkyouwantedthesou	voice-window
23	3	youthinkyouwantedthewis	voice-window
23	3	youthinkwehaveallthewor	voice-window
23	3	youthinkyougavethefreew	voice-window
23	3	youthinkyoureadingtheso	voice-window
23	3	wegaveyouyourtrueknowle	voice-window
23	3	youthinkyousatisfythetr	voice-window
23	3	youthinkyoufindthewisdo	voice-window
23	3	thetruewisdomwillseekin	voice-window
23	3	youthinkyouseekingtheda	voice-window
23	3	theknowledgewillwatchin	voice-window
23	3	youthinkyougavetheknowl	voice-window
23	3	youthinkyouprovetheworl	voice-window
23	3	thetrueknowledgewillcre	voice-window
23	3	theignorancewillworship	voice-window
23	3	wewantedyoutoworshipher	voice-window
23	3	wewatchingyouyourignora	voice-window
23	3	youthinkyoureadingthefr	voice-window
23	3	youthinkyougavetheanswe	voice-window
23	3	wereadingyouyourtruewis	voice-window
23	3	youthinkyouworshipthewo	voice-window
23	3	wewantedyoutocreatedher	voice-window
23	3	wethinkyouyourtrueknowl	voice-window
23	3	youthinkyoucometheknowl	voice-window
23	3	thedarknesswillwatching	voice-window
23	3	thetreasurewillreadingy	voice-window
23	3	weseekingyoutowatchingh	voice-window
23	3	youthinkyoumadetheanswe	voice-window
23	3	theignorancewillthinkyo	voice-window
23	3	youthinkwehaveallthetru	voice-window
23	3	thetruewisdomwillcreate	voice-window
23	3	thetruewisdomwillgaveyo	voice-window
23	3	wewatchingyoutoreadingh	voice-window
23	3	wecreatedyoutowantedher	voice-window
23	3	thetruewisdomwillgainyo	voice-window
23	3	youthinkyouseekingthewi	voice-window
23	3	youthinkyouallowedthetr	voice-window
23	3	youthinkyoufindtheanswe	voice-window
23	3	youthinkyouwantedtheans	voice-window
23	3	wethinkyouyourtruewisdo	voice-window
23	3	weworshipyoutoseekinghe	voice-window
23	3	wesatisfyyouyourtreasur	voice-window
23	3	youthinkwehaveallthedar	voice-window
23	3	youthinkyouhavetheanswe	voice-window
23	3	weallowedyouyourknowled	voice-window
23	3	youthinkyouworshipthekn	voice-window
23	3	youthinkyoureadingthekn	voice-window
23	3	youthinkyouwantedtheign	voice-window
23	3	youthinkyouwatchingthef	voice-window
23	3	weseekingyoutocreatedhe	voice-window
23	3	wereadingyoutoseekinghe	voice-window
23	3	youthinkyouwatchingthek	voice-window
23	3	thefreewillwillwantedyo	voice-window
23	3	youthinkyouhavethetruew	voice-window
23	3	wecreatedyouyourtreasur	voice-window
23	3	wereadingyoutoworshiphe	voice-window
23	3	thetruewisdomwillfindyo	voice-window
23	3	youthinkyoureadingtheig	voice-window
23	3	youthinkyouknowthedarkn	voice-window
23	3	wewatchingyoutowantedhe	voice-window
23	3	weworshipyouyourtruekno	voice-window
23	3	butitisnotheredevotedse	voice-window
23	3	wecreatedyoutoallowedhe	voice-window
23	3	youthinkyouthinkthetrue	voice-window
23	3	wesatisfyyouyourknowled	voice-window
23	3	youthinkyoufindthetreas	voice-window
23	3	youcomehereseekingknowl	voice-window
23	3	wewatchingyoutosatisfyh	voice-window
23	3	wecreatedyoutosatisfyhe	voice-window
23	3	youthinkyoumadethefreew	voice-window
23	3	youthinkyouhavetheignor	voice-window
23	3	youthinkyougainthetreas	voice-window
23	3	youthinkyouwatchingthea	voice-window
23	3	thetrueknowledgewillmad	voice-window
23	3	theknowledgewillseeking	voice-window
23	3	wewatchingyouyourfreewi	voice-window
23	3	youthinkyouthinkthetrea	voice-window
23	3	thetrueknowledgewillgai	voice-window
23	3	wewatchingyoutothinkher	voice-window
23	3	youthinkyoufindthetruew	voice-window
23	3	wecreatedyoutoseekinghe	voice-window
23	3	wecreatedyoutoreadinghe	voice-window
23	3	youthinkyougavethetruek	voice-window
23	3	thetreasurewillworshipy	voice-window
23	3	wecreatedyouyourknowled	voice-window
23	3	youthinkyouthinktheworl	voice-window
23	3	shepherdwearewatchingyo	voice-window
23	3	youthinkyougavethetruew	voice-window
23	3	youthinkyoucomethewisdo	voice-window
23	3	youthinkyoureadingthetr	voice-window
23	3	wereadingyouyourtreasur	voice-window
23	3	youthinkyouworshipthean	voice-window
23	3	weworshipyoutoreadinghe	voice-window
23	3	youthinkyousatisfythean	voice-window
23	3	youthinkyouhavethetruek	voice-window
23	3	youthinkyousatisfythewo	voice-window
23	3	youthinkyouworshipthewi	voice-window
23	3	weseekingyoutosatisfyhe	voice-window
23	3	weallowedyoutoallowedhe	voice-window
23	3	youthinkyouallowedthekn	voice-window
23	3	youthinkyougaintheknowl	voice-window
23	3	youthinkyouthinkthefree	voice-window
23	3	youthinkyougainthewisdo	voice-window
23	3	youthinkyouwantedthedar	voice-window
23	3	youcomehereseekingtruek	voice-window
23	3	youthinkyousatisfythewi	voice-window
23	3	youcomehereseekingdarkn	voice-window
23	3	wemadeyouyourtrueknowle	voice-window
23	3	youthinkyoureadingthewo	voice-window
23	3	youthinkyoumadethetruew	voice-window
23	3	wereadingyoutowatchingh	voice-window
23	3	wesatisfyyoutoseekinghe	voice-window
23	3	thetrueknowledgewillrea	voice-window
23	3	youthinkyouprovetheansw	voice-window
23	3	thetrueknowledgewillgav	voice-window
23	3	thedarknesswillcreatedy	voice-window
23	3	wesatisfyyouyourdarknes	voice-window
23	3	wereadingyoutoallowedhe	voice-window
23	3	thetrueknowledgewillthi	voice-window
23	3	thefreewillwillallowedy	voice-window
23	3	thetrueknowledgewillall	voice-window
23	3	youthinkyousatisfythekn	voice-window
23	3	wesatisfyyoutoworshiphe	voice-window
23	3	wewantedyoutosatisfyher	voice-window
23	3	youthinkyouprovethetrue	voice-window
23	3	youthinkwehaveallthekno	voice-window
23	3	weworshipyouyourfreewil	voice-window
23	3	youthinkyoucreatedthekn	voice-window
23	3	youthinkyouprovetheigno	voice-window
23	3	weallowedyouyourfreewil	voice-window
23	3	weproveyoutowatchingher	voice-window
23	3	theknowledgewillthinkyo	voice-window
23	3	youthinkyouknowthetruew	voice-window
23	3	youthinkyouwantedthetre	voice-window
23	3	youthinkyoucometheignor	voice-window
23	3	wewatchingyoutoseekingh	voice-window
23	3	youthinkyousatisfytheso	voice-window
23	3	wewatchingyouyourtruekn	voice-window
23	3	weseekingyoutowantedher	voice-window
23	3	youthinkyoucreatedthetr	voice-window
23	3	youthinkyouhavethetreas	voice-window
23	3	youthinkyoumadetheknowl	voice-window
23	3	theworldswillwatchingyo	voice-window
23	3	weallowedyoutocreatedhe	voice-window
23	3	youthinkyougavethedarkn	voice-window
23	3	wewantedyoutowatchinghe	voice-window
23	3	wewantedyoutoreadingher	voice-window
23	3	theknowledgewillallowed	voice-window
23	3	weworshipyouyourknowled	voice-window
23	3	youcomehereseekingignor	voice-window
23	3	theanswerswillworshipyo	voice-window
23	3	youthinkyoumadethedarkn	voice-window
23	3	youthinkyouknowthetreas	voice-window
23	3	wewatchingyouyourtreasu	voice-window
23	3	theknowledgewillworship	voice-window
23	3	youthinkyouknowthewisdo	voice-window
23	3	thetrueknowledgewillfin	voice-window
23	3	thetreasurewillallowedy	voice-window
23	3	weseekingyouyourknowled	voice-window
23	3	youthinkyougaintheanswe	voice-window
23	3	youthinkyouallowedthean	voice-window
23	3	wereadingyouyourtruekno	voice-window
23	3	wereadingyoutosatisfyhe	voice-window
23	3	youthinkyousatisfythefr	voice-window
23	3	youthinkyouhavetrueknow	voice-window
23	3	devotedseekerwearewatch	voice-window
23	3	wereadingyoutocreatedhe	voice-window
23	3	wesatisfyyoutoreadinghe	voice-window
23	3	youthinkyoucomethetruek	voice-window
23	3	youthinkyougavetheignor	voice-window
23	3	weworshipyoutosatisfyhe	voice-window
23	3	weseekingyouyourtreasur	voice-window
23	3	youthinkyouwatchingthew	voice-window
23	3	wefindyouyourtrueknowle	voice-window
23	3	wecreatedyouyourfreewil	voice-window
23	3	youthinkyouthinktheigno	voice-window
23	3	youthinkyoucreatedthefr	voice-window
23	3	weallowedyouyourtreasur	voice-window
23	3	thetrueknowledgewillwan	voice-window
23	3	wecreatedyouyourdarknes	voice-window
23	3	youthinkyougavethewisdo	voice-window
23	3	youthinkyoufindtheignor	voice-window
23	3	thefreewillwillseekingy	voice-window
23	3	wesatisfyyoutowantedher	voice-window
23	3	weallowedyoutoseekinghe	voice-window
23	3	youthinkyouwantedthekno	voice-window
23	3	theignorancewillallowed	voice-window
23	3	youthinkyoucomethedarkn	voice-window
23	3	thetrueknowledgewillsat	voice-window
23	3	youthinkyouallowedtheig	voice-window
23	3	weworshipyoutowatchingh	voice-window
23	3	youthinkyouhaveignoranc	voice-window
23	3	youthinkyouknowtheignor	voice-window
23	3	thetruewisdomwillwatchi	voice-window
23	3	theignorancewillproveyo	voice-window
23	3	youthinkyoucreatedthewo	voice-window
23	3	thefreewillwillsatisfyy	voice-window
23	3	weworshipyouyourtreasur	voice-window
23	3	thedarknesswillallowedy	voice-window
23	3	youthinkyouthinkthedark	voice-window
23	3	youthinkyouwantedthetru	voice-window
23	3	youthinkyoucreatedtheso	voice-window
23	3	thefreewillwillreadingy	voice-window
23	3	thetruewisdomwillprovey	voice-window
23	3	weallowedyouyourtruewis	voice-window
23	3	youthinkyouwatchingthei	voice-window
23	3	wewatchingyoutoproveher	voice-window
23	3	youthinkyouthinktheknow	voice-window
23	3	youthinkyouwantedthefre	voice-window
23	3	weallowedyoutoreadinghe	voice-window
23	3	youthinkyouthinktheansw	voice-window
23	3	youthinkyouallowedtheda	voice-window
23	3	wereadingyouyourknowled	voice-window
23	3	wewantedyouyourignoranc	voice-window
23	3	youthinkyoumadethetreas	voice-window
23	3	wereadingyouyourfreewil	voice-window
23	3	wewatchingyoutocreatedh	voice-window
23	3	theknowledgewillcreated	voice-window
23	3	wesatisfyyoutocreatedhe	voice-window
23	3	wecreatedyouyourtruewis	voice-window
23	3	youthinkyouprovethefree	voice-window
23	3	weworshipyouyourignoran	voice-window
23	3	wecreatedyouyourtruekno	voice-window
23	3	youthinkwehaveallthewis	voice-window
23	3	youthinkyouseekingthefr	voice-window
23	3	wewantedyouyourtrueknow	voice-window
23	3	weworshipyoutocreatedhe	voice-window
23	3	youcomehereseekingfreew	voice-window
23	3	weseekingyouyourignoran	voice-window
23	3	wecreatedyouyourignoran	voice-window
23	3	youthinkyougainthetruew	voice-window
23	3	youthinkyougaintheignor	voice-window
23	3	theknowledgewillproveyo	voice-window
23	3	theignorancewillwatchin	voice-window
23	3	thedarknesswillreadingy	voice-window
23	3	thetruewisdomwillcomeyo	voice-window
23	3	weallowedyoutowatchingh	voice-window
23	3	theignorancewillcreated	voice-window
23	3	wewantedyouyourknowledg	voice-window
23	3	thedarknesswillseekingy	voice-window
23	3	youthinkyouhaveknowledg	voice-window
23	3	youthinkyouallowedtheso	voice-window
23	3	weworshipyoutoworshiphe	voice-window
23	3	youthinkyouprovethedark	voice-window
23	3	wecreatedyoutoworshiphe	voice-window
23	3	thetreasurewillwantedyo	voice-window
23	3	youthinkyouseekingtheig	voice-window
23	3	wehaveyouyourtrueknowle	voice-window
23	3	knowertobewearewatching	voice-window
23	3	thedarknesswillsatisfyy	voice-window
23	3	youthinkyouhavethefreew	voice-window
23	3	wewatchingyouyourdarkne	voice-window
23	3	wesatisfyyouyourfreewil	voice-window
23	3	theanswerswillreadingyo	voice-window
23	3	wecomeyouyourtrueknowle	voice-window
23	3	thetruewisdomwillreadin	voice-window
23	3	weseekingyouyourtruewis	voice-window
23	3	thetrueknowledgewillhav	voice-window
23	3	youthinkyoucreatedtheig	voice-window
23	3	youthinkyouallowedthewi	voice-window
23	3	wewatchingyouyourtruewi	voice-window
23	3	youthinkyousatisfytheig	voice-window
23	3	wewatchingyoutowatching	voice-window
23	3	weproveyouyourtrueknowl	voice-window
23	3	thetrueknowledgewillwor	voice-window
23	3	weseekingyoutoreadinghe	voice-window
23	3	wesatisfyyoutoallowedhe	voice-window
23	3	thetrueknowledgewillsee	voice-window
23	3	youthinkyouworshipthefr	voice-window
23	3	thetrueknowledgewillwat	voice-window
23	3	youthinkyouworshiptheso	voice-window
23	3	thetruewisdomwillallowe	voice-window
23	3	wesatisfyyoutosatisfyhe	voice-window
23	3	thetruewisdomwillthinky	voice-window
23	3	thetrueknowledgewillkno	voice-window
23	3	weseekingyoutoallowedhe	voice-window
23	3	weseekingyoutoworshiphe	voice-window
23	3	weallowedyoutoworshiphe	voice-window
23	3	theanswerswillallowedyo	voice-window
23	3	youthinkyousatisfytheda	voice-window
23	3	youthinkyouworshiptheda	voice-window
23	3	weallowedyouyourdarknes	voice-window
23	3	youthinkyoumadetheignor	voice-window
23	3	theignorancewillwantedy	voice-window
23	3	youthinkyoucomethetruew	voice-window
23	3	weseekingyouyourfreewil	voice-window
23	3	youcomehereseekingwisdo	voice-window
23	3	youthinkyouhavethedarkn	voice-window
23	3	youthinkyoucomethefreew	voice-window
23	3	youthinkyouthinkthewisd	voice-window
23	3	wewatchingyoutoworshiph	voice-window
23	3	youthinkyoureadingthean	voice-window
23	3	wecreatedyoutocreatedhe	voice-window
23	3	youthinkyouprovetheknow	voice-window
23	3	theanswerswillseekingyo	voice-window
23	3	youthinkyougainthedarkn	voice-window
23	3	wesatisfyyouyourtruekno	voice-window
23	3	theanswerswillcreatedyo	voice-window
23	3	youthinkyouwatchingthes	voice-window
23	3	youthinkyougainthetruek	voice-window
23	3	wewantedyoutoallowedher	voice-window
23	3	wesatisfyyouyourtruewis	voice-window
23	3	wewantedyouyourtruewisd	voice-window
23	3	youthinkyoucreatedtheda	voice-window
23	3	youthinkyoufindthetruek	voice-window
23	3	thetruewisdomwillworshi	voice-window
23	3	weknowyouyourtrueknowle	voice-window
23	3	theignorancewillsatisfy	voice-window
23	3	wereadingyoutowantedher	voice-window
23	3	theignorancewillreading	voice-window
23	3	wewantedyoutoseekingher	voice-window
23	3	thewisdomwillwatchingyo	voice-window
23	3	theanswerswillwatchingy	voice-window
23	3	youcomehereseekingtruew	voice-window
23	3	youthinkyougavethetreas	voice-window
23	3	thedarknesswillworshipy	voice-window
23	3	thetreasurewillcreatedy	voice-window
23	3	weworshipyouyourtruewis	voice-window
23	3	wewatchingyouyourknowle	voice-window
23	3	youthinkyouknowthefreew	voice-window
23	3	youthinkyoumadethetruek	voice-window
23	3	youthinkyoureadingthewi	voice-window
23	3	thetruewisdomwillhaveyo	voice-window
23	3	wesatisfyyoutowatchingh	voice-window
23	3	youthinkwehaveallthetre	voice-window
23	3	weworshipyouyourdarknes	voice-window
23	3	weseekingyouyourtruekno	voice-window
23	3	weallowedyouyourtruekno	voice-window
23	3	thetreasurewillseekingy	voice-window
23	3	youthinkyouhavethewisdo	voice-window
23	3	thetreasurewillwatching	voice-window
23	3	theknowledgewillreading	voice-window
23	3	weallowedyoutosatisfyhe	voice-window
23	3	wecreatedyoutowatchingh	voice-window
23	3	youthinkyouseekingtheso	voice-window
23	3	weworshipyoutowantedher	voice-window
23	3	wegainyouyourtrueknowle	voice-window
24	1	wethinkyoutowatchinghere	voice-exact
24	1	thetruewisdomwillknowyou	voice-exact
24	1	theanswerwillwatchingyou	voice-exact
24	1	thedarknesswillwantedyou	voice-exact
24	1	weseekingyouyourdarkness	voice-exact
24	1	youthinkyoumadetheworlds	voice-exact
24	1	wewatchingyouyouranswers	voice-exact
24	1	youthinkyoumadethewisdom	voice-exact
24	1	theanswerswillsatisfyyou	voice-exact
24	1	youthinkyoucometheanswer	voice-exact
24	1	youthinkwehaveallthesoul	voice-exact
24	1	weproveyouyourtruewisdom	voice-exact
24	1	thetruewisdomwillmadeyou	voice-exact
24	1	wereadingyouyourdarkness	voice-exact
24	1	youthinkyouknowtheworlds	voice-exact
24	1	weallowedyoutowantedhere	voice-exact
24	1	youthinkyouwantedthesoul	voice-exact
24	1	youthinkyoufindthewisdom	voice-exact
24	1	youthinkyouprovetheworld	voice-exact
24	1	wewantedyoutoworshiphere	voice-exact
24	1	wewantedyoutocreatedhere	voice-exact
24	1	theignorancewillthinkyou	voice-exact
24	1	thetruewisdomwillgaveyou	voice-exact
24	1	wecreatedyoutowantedhere	voice-exact
24	1	thetruewisdomwillgainyou	voice-exact
24	1	youthinkyoufindtheanswer	voice-exact
24	1	wethinkyouyourtruewisdom	voice-exact
24	1	wesatisfyyouyourtreasure	voice-exact
24	1	youthinkyouhavetheanswer	voice-exact
24	1	thefreewillwillwantedyou	voice-exact
24	1	wecreatedyouyourtreasure	voice-exact
24	1	thetruewisdomwillfindyou	voice-exact
24	1	youcomehereseekinganswer	voice-exact
24	1	wewatchingyoutothinkhere	voice-exact
24	1	shepherdwearewatchingyou	voice-exact
24	1	youthinkyoucomethewisdom	voice-exact
24	1	youthinkyoufindtheworlds	voice-exact
24	1	wereadingyouyourtreasure	voice-exact
24	1	youthinkyougavetheanswer	voice-exact
24	1	youthinkyougainthewisdom	voice-exact
24	1	youthinkyouknowtheanswer	voice-exact
24	1	youthinkyougaintheworlds	voice-exact
24	1	wesatisfyyouyourdarkness	voice-exact
24	1	wewantedyoutosatisfyhere	voice-exact
24	1	weworshipyouyourfreewill	voice-exact
24	1	weallowedyouyourfreewill	voice-exact
24	1	weproveyoutowatchinghere	voice-exact
24	1	theknowledgewillthinkyou	voice-exact
24	1	weseekingyoutowantedhere	voice-exact
24	1	youthinkyougavetheworlds	voice-exact
24	1	theworldswillwatchingyou	voice-exact
24	1	wewantedyoutoreadinghere	voice-exact
24	1	butitisnothereknowertobe	voice-exact
24	1	theanswerswillworshipyou	voice-exact
24	1	youthinkyouknowthewisdom	voice-exact
24	1	youthinkyougaintheanswer	voice-exact
24	1	weseekingyouyourtreasure	voice-exact
24	1	wecreatedyouyourfreewill	voice-exact
24	1	weallowedyouyourtreasure	voice-exact
24	1	wecreatedyouyourdarkness	voice-exact
24	1	youthinkyougavethewisdom	voice-exact
24	1	wesatisfyyoutowantedhere	voice-exact
24	1	youthinkyouhaveignorance	voice-exact
24	1	theignorancewillproveyou	voice-exact
24	1	weworshipyouyourtreasure	voice-exact
24	1	wewatchingyoutoprovehere	voice-exact
24	1	wewantedyouyourignorance	voice-exact
24	1	wereadingyouyourfreewill	voice-exact
24	1	youthinkyouthinktheworld	voice-exact
24	1	theknowledgewillproveyou	voice-exact
24	1	thetruewisdomwillcomeyou	voice-exact
24	1	wewantedyouyourknowledge	voice-exact
24	1	youcomehereseekingworlds	voice-exact
24	1	youthinkyouhaveknowledge	voice-exact
24	1	thetreasurewillwantedyou	voice-exact
24	1	wesatisfyyouyourfreewill	voice-exact
24	1	theanswerswillreadingyou	voice-exact
24	1	youthinkyoumadetheanswer	voice-exact
24	1	youthinkyouhavetheworlds	voice-exact
24	1	theanswerswillallowedyou	voice-exact
24	1	weallowedyouyourdarkness	voice-exact
24	1	youthinkyoucometheworlds	voice-exact
24	1	weseekingyouyourfreewill	voice-exact
24	1	youcomehereseekingwisdom	voice-exact
24	1	theanswerswillseekingyou	voice-exact
24	1	theanswerswillcreatedyou	voice-exact
24	1	wewantedyoutoallowedhere	voice-exact
24	1	wereadingyoutowantedhere	voice-exact
24	1	wewantedyoutoseekinghere	voice-exact
24	1	thewisdomwillwatchingyou	voice-exact
24	1	thetruewisdomwillhaveyou	voice-exact
24	1	weworshipyouyourdarkness	voice-exact
24	1	youthinkyouhavethewisdom	voice-exact
24	1	weworshipyoutowantedhere	voice-exact
24	1	theessenceoflifeanddeath	volume-exact
24	2	thegodofgodstheonetruego	guide-window
24	2	ifwevecreatedyourgodandy	guide-window
24	2	wevecreatedyourgodandyou	guide-window
24	2	vecreatedyourgodandyourg	guide-window
24	2	createdyourgodandyourgod	guide-window
24	2	yourgodandyourgodofgodsa	guide-window
24	2	godandyourgodofgodsandyo	guide-window
24	2	andyourgodofgodsandyouan	guide-window
24	2	yourgodofgodsandyouandyo	guide-window
24	2	godofgodsandyouandyourfr	guide-window
24	2	ofgodsandyouandyourfreew	guide-window
24	2	godsandyouandyourfreewil	guide-window
24	2	andyouandyourfreewilland	guide-window
24	2	youandyourfreewillandthi	guide-window
24	2	andyourfreewillandthiswo	guide-window
24	2	yourfreewillandthisworld	guide-window
24	2	freewillandthisworldanda	guide-window
24	2	willandthisworldandallth	guide-window
24	2	andthisworldandallthewor	guide-window
24	2	thisworldandalltheworlds	guide-window
24	2	weallowedyoutohavefreewi	guide-window
24	2	allowedyoutohavefreewill	guide-window
24	2	yourtruegodistherealmons	guide-window
24	2	youthinkwehavealltheansw	guide-window
24	2	thinkwehavealltheanswers	guide-window
24	2	andnotjustthisplaceallth	guide-window
24	2	notjustthisplaceallthepl	guide-window
24	2	justthisplacealltheplace	guide-window
24	2	thisplacealltheplacesall	guide-window
24	2	placealltheplacesallthed	guide-window
24	2	alltheplacesallthedimens	guide-window
24	2	theplacesallthedimension	guide-window
24	2	placesallthedimensionsal	guide-window
24	2	allthedimensionsallthefr	guide-window
24	2	thedimensionsallthefreew	guide-window
24	2	dimensionsallthefreewill	guide-window
24	2	devotedseekeraftertruewi	guide-window
24	2	seekeraftertruewisdomkno	guide-window
24	2	aftertruewisdomknowthisw	guide-window
24	2	truewisdomknowthiswearew	guide-window
24	2	wisdomknowthiswearewatch	guide-window
24	2	knowthiswearewatchingyou	guide-window
24	2	whatanswersareyoutryingt	guide-window
24	2	answersareyoutryingtofin	guide-window
24	2	areyoutryingtofindinhere	guide-window
24	2	thinkyouknowtheanswerbut	guide-window
24	2	youknowtheanswerbutyoudo	guide-window
24	2	youthinkthetreasurewills	guide-window
24	2	thinkthetreasurewillsati	guide-window
24	2	thetreasurewillsatisfyyo	guide-window
24	2	treasurewillsatisfyyoubu	guide-window
24	2	yougaveyourfreewilltothe	guide-window
24	2	gaveyourfreewilltothetru	guide-window
24	2	yourfreewilltothetruegod	guide-window
24	2	whyelsewouldbereadingthi	guide-window
24	2	wereimpressedwithyouknow	guide-window
24	2	reimpressedwithyouknower	guide-window
24	2	impressedwithyouknowerto	guide-window
24	2	provethineknowledgefromw	volume-window
24	2	thineknowledgefromwhatis	volume-window
24	2	knowledgefromwhatisthewe	volume-window
24	2	fromwhatisthewestcreated	volume-window
24	2	knowledgefromwhatistheea	volume-window
24	2	fromwhatistheeastcreated	volume-window
24	2	tohavetrueknowledgeistos	volume-window
24	2	havetrueknowledgeistosee	volume-window
24	2	trueknowledgeistoseethed	volume-window
24	2	knowledgeistoseethedarkn	volume-window
24	2	istoseethedarknessofigno	volume-window
24	2	toseethedarknessofignora	volume-window
24	2	seethedarknessofignoranc	volume-window
24	2	togaintrueknowledgeonemu	volume-window
24	2	gaintrueknowledgeonemust	volume-window
24	2	trueknowledgeonemustslow	volume-window
24	2	knowledgeonemustslowdown	volume-window
24	2	onemustslowdownandnothur	volume-window
24	2	awakentheflockofthesheph	volume-window
24	2	theflockoftheshepherdand	volume-window
24	2	flockoftheshepherdandthi	volume-window
24	2	oftheshepherdandthinkfor	volume-window
24	2	theshepherdandthinkforth	volume-window
24	2	shepherdandthinkforthyse	volume-window
24	2	towalkamileinsomeoneelse	volume-window
24	2	walkamileinsomeoneelsesb	volume-window
24	2	amileinsomeoneelsesboots	volume-window
24	2	trueknowledgeisaslippery	volume-window
24	2	knowledgeisaslipperythin	volume-window
24	2	thefouressencesrepresent	volume-window
24	2	fouressencesrepresentthe	volume-window
24	2	essencesrepresentthefour	volume-window
24	2	representthefourelements	volume-window
24	2	thefourelementsthatformt	volume-window
24	2	fourelementsthatformthis	volume-window
24	2	elementsthatformthisvisi	volume-window
24	2	thatformthisvisibleworld	volume-window
24	2	keskikesänkuikkalentelis	finnish-window
24	2	kuikkalentelisuonylläjal	finnish-window
24	2	lentelisuonylläjalaskeut	finnish-window
24	2	suonylläjalaskeutuisuure	finnish-window
24	2	ylläjalaskeutuisuurenpuu	finnish-window
24	2	jalaskeutuisuurenpuunjuu	finnish-window
24	2	laskeutuisuurenpuunjuure	finnish-window
24	2	ensimmäinenmunistavieräh	finnish-window
24	2	munistavierähtipesästäja	finnish-window
24	2	vierähtipesästäjahalkesi	finnish-window
24	2	verestämuodostuielämäjak	finnish-window
24	2	valkuainenvaluilänteenja	finnish-window
24	2	valuilänteenjasiitämuodo	finnish-window
24	2	länteenjasiitämuodostuik	finnish-window
24	2	jasiitämuodostuikylmyysj	finnish-window
24	2	siitämuodostuikylmyysjaj	finnish-window
24	2	keltuainenvaluiitäänjasi	finnish-window
24	2	valuiitäänjasiitämuodost	finnish-window
24	2	itäänjasiitämuodostuiläm	finnish-window
24	2	jasiitämuodostuilämpöjat	finnish-window
24	2	siitämuodostuilämpöjatul	finnish-window
24	2	viimeinmunastakuoriutuil	finnish-window
24	2	luontoloilaitluonnonaset	finnish-window
24	2	loilaitluonnonasettieläi	finnish-window
24	2	laitluonnonasettieläimet	finnish-window
24	2	luonnonasettieläimetniit	finnish-window
24	2	asettieläimetniitytjoetk	finnish-window
24	2	eläimetniitytjoetkummutj	finnish-window
24	2	niitytjoetkummutjavuoret	finnish-window
24	2	toinenmunistakuoriutuija	finnish-window
24	2	munistakuoriutuijasieltä	finnish-window
24	2	kuoriutuijasieltäsyntyit	finnish-window
24	2	taikuuskatseliluonnonluo	finnish-window
24	2	katseliluonnonluomuksiaj	finnish-window
24	2	luonnonluomuksiajaantoin	finnish-window
24	2	luomuksiajaantoiniillesi	finnish-window
24	2	sielunpainojalostijakier	finnish-window
24	2	painojalostijakierouttil	finnish-window
24	2	jalostijakierouttiluonno	finnish-window
24	2	jakierouttiluonnonluomuk	finnish-window
24	2	kierouttiluonnonluomuksi	finnish-window
24	2	taikuusrikkoiluonnonlake	finnish-window
24	2	luontojataikuusalkoivatr	finnish-window
24	2	jataikuusalkoivatriidell	finnish-window
24	2	taikuusalkoivatriidelläs	finnish-window
24	2	alkoivatriidelläsiitämit	finnish-window
24	2	riidelläsiitämitenmaailm	finnish-window
24	2	siitämitenmaailmankuului	finnish-window
24	2	mitenmaailmankuuluisioll	finnish-window
24	2	munistaviimeinenkuoriutu	finnish-window
24	2	viimeinenkuoriutuijasiel	finnish-window
24	2	jasieltäsyntyiteknologia	finnish-window
24	2	teknologiaantoiluonnonel	finnish-window
24	2	antoiluonnoneläimillekyv	finnish-window
24	2	luonnoneläimillekyvynkäy	finnish-window
24	2	eläimillekyvynkäyttääkon	finnish-window
24	2	kyvynkäyttääkoneitajalai	finnish-window
24	2	käyttääkoneitajalaitteit	finnish-window
24	3	wereadingyoutoreadingher	voice-window
24	3	youthinkyoucreatedthewis	voice-window
24	3	youthinkyouseekingthekno	voice-window
24	3	thetrueknowledgewillprov	voice-window
24	3	youthinkyouwantedtheworl	voice-window
24	3	youthinkyouhavetheknowle	voice-window
24	3	youthinkyouprovethewisdo	voice-window
24	3	wereadingyouyourignoranc	voice-window
24	3	thefreewillwillcreatedyo	voice-window
24	3	youthinkyoucomethetreasu	voice-window
24	3	theignorancewillseekingy	voice-window
24	3	youthinkyouworshiptheign	voice-window
24	3	youthinkyougainthefreewi	voice-window
24	3	weseekingyoutoseekingher	voice-window
24	3	thefreewillwillwatchingy	voice-window
24	3	youthinkyoucreatedtheans	voice-window
24	3	youthinkyoufindthefreewi	voice-window
24	3	youthinkyoufindthedarkne	voice-window
24	3	weworshipyoutoallowedher	voice-window
24	3	youthinkyouworshipthetru	voice-window
24	3	youthinkyouseekingthewor	voice-window
24	3	theknowledgewillwantedyo	voice-window
24	3	youthinkyoureadingthedar	voice-window
24	3	youthinkyouseekingthetru	voice-window
24	3	youthinkyouwatchingthetr	voice-window
24	3	thefreewillwillworshipyo	voice-window
24	3	youthinkyouhavetruewisdo	voice-window
24	3	youthinkyouallowedthewor	voice-window
24	3	youthinkyouprovethetreas	voice-window
24	3	youthinkwehaveallthefree	voice-window
24	3	weallowedyouyourignoranc	voice-window
24	3	wewatchingyoutoallowedhe	voice-window
24	3	youthinkyouknowthetruekn	voice-window
24	3	youthinkyouseekingtheans	voice-window
24	3	thetrueknowledgewillcome	voice-window
24	3	youthinkyouwatchingtheda	voice-window
24	3	youthinkyouknowtheknowle	voice-window
24	3	youthinkyouallowedthefre	voice-window
24	3	youcomehereseekingtreasu	voice-window
24	3	theknowledgewillsatisfyy	voice-window
24	3	thetruewisdomwillwantedy	voice-window
24	3	thetruewisdomwillsatisfy	voice-window
24	3	youthinkwehavealltheigno	voice-window
24	3	wesatisfyyouyourignoranc	voice-window
24	3	youthinkyoufindtheknowle	voice-window
24	3	youthinkyouwantedthewisd	voice-window
24	3	youthinkwehavealltheworl	voice-window
24	3	youthinkyougavethefreewi	voice-window
24	3	youthinkyoureadingthesou	voice-window
24	3	wegaveyouyourtrueknowled	voice-window
24	3	youthinkyousatisfythetru	voice-window
24	3	thetruewisdomwillseeking	voice-window
24	3	youthinkyouseekingthedar	voice-window
24	3	theknowledgewillwatching	voice-window
24	3	youthinkyougavetheknowle	voice-window
24	3	thetrueknowledgewillcrea	voice-window
24	3	theignorancewillworshipy	voice-window
24	3	wewatchingyouyourignoran	voice-window
24	3	youthinkyoureadingthefre	voice-window
24	3	wereadingyouyourtruewisd	voice-window
24	3	youthinkyouworshipthewor	voice-window
24	3	wethinkyouyourtrueknowle	voice-window
24	3	youthinkyoucometheknowle	voice-window
24	3	thedarknesswillwatchingy	voice-window
24	3	thetreasurewillreadingyo	voice-window
24	3	weseekingyoutowatchinghe	voice-window
24	3	youthinkwehaveallthetrue	voice-window
24	3	thetruewisdomwillcreated	voice-window
24	3	wewatchingyoutoreadinghe	voice-window
24	3	youthinkyouseekingthewis	voice-window
24	3	youthinkyouallowedthetru	voice-window
24	3	youthinkyouwantedtheansw	voice-window
24	3	weworshipyoutoseekingher	voice-window
24	3	youthinkwehaveallthedark	voice-window
24	3	weallowedyouyourknowledg	voice-window
24	3	youthinkyouworshipthekno	voice-window
24	3	youthinkyoureadingthekno	voice-window
24	3	youthinkyouwantedtheigno	voice-window
24	3	youthinkyouwatchingthefr	voice-window
24	3	weseekingyoutocreatedher	voice-window
24	3	wereadingyoutoseekingher	voice-window
24	3	youthinkyouwatchingthekn	voice-window
24	3	youthinkyouhavethetruewi	voice-window
24	3	wereadingyoutoworshipher	voice-window
24	3	youthinkyoureadingtheign	voice-window
24	3	youthinkyouknowthedarkne	voice-window
24	3	wewatchingyoutowantedher	voice-window
24	3	weworshipyouyourtrueknow	voice-window
24	3	butitisnotheredevotedsee	voice-window
24	3	wecreatedyoutoallowedher	voice-window
24	3	youthinkyouthinkthetruek	voice-window
24	3	wesatisfyyouyourknowledg	voice-window
24	3	youthinkyoufindthetreasu	voice-window
24	3	youcomehereseekingknowle	voice-window
24	3	wewatchingyoutosatisfyhe	voice-window
24	3	wecreatedyoutosatisfyher	voice-window
24	3	youthinkyoumadethefreewi	voice-window
24	3	youthinkyouhavetheignora	voice-window
24	3	youthinkyougainthetreasu	voice-window
24	3	youthinkyouwatchingthean	voice-window
24	3	thetrueknowledgewillmade	voice-window
24	3	theknowledgewillseekingy	voice-window
24	3	wewatchingyouyourfreewil	voice-window
24	3	youthinkyouthinkthetreas	voice-window
24	3	youthinkyouworshipthetre	voice-window
24	3	thetrueknowledgewillgain	voice-window
24	3	youthinkyoufindthetruewi	voice-window
24	3	wecreatedyoutoseekingher	voice-window
24	3	wecreatedyoutoreadingher	voice-window
24	3	youthinkyougavethetruekn	voice-window
24	3	thetreasurewillworshipyo	voice-window
24	3	wecreatedyouyourknowledg	voice-window
24	3	youthinkyougavethetruewi	voice-window
24	3	youthinkyoureadingthetru	voice-window
24	3	youthinkyouworshiptheans	voice-window
24	3	weworshipyoutoreadingher	voice-window
24	3	youthinkyousatisfytheans	voice-window
24	3	youthinkyouhavethetruekn	voice-window
24	3	youthinkyousatisfythewor	voice-window
24	3	youthinkyouworshipthewis	voice-window
24	3	weseekingyoutosatisfyher	voice-window
24	3	weallowedyoutoallowedher	voice-window
24	3	youthinkyouallowedthekno	voice-window
24	3	youthinkyougaintheknowle	voice-window
24	3	youthinkyouthinkthefreew	voice-window
24	3	youthinkyouwantedthedark	voice-window
24	3	youcomehereseekingtruekn	voice-window
24	3	youthinkyousatisfythewis	voice-window
24	3	youcomehereseekingdarkne	voice-window
24	3	wemadeyouyourtrueknowled	voice-window
24	3	youthinkyoureadingthewor	voice-window
24	3	youthinkyoumadethetruewi	voice-window
24	3	wereadingyoutowatchinghe	voice-window
24	3	wesatisfyyoutoseekingher	voice-window
24	3	thetrueknowledgewillread	voice-window
24	3	youthinkyouprovetheanswe	voice-window
24	3	thetrueknowledgewillgave	voice-window
24	3	thedarknesswillcreatedyo	voice-window
24	3	wereadingyoutoallowedher	voice-window
24	3	youthinkyouseekingthetre	voice-window
24	3	thetrueknowledgewillthin	voice-window
24	3	thefreewillwillallowedyo	voice-window
24	3	thetrueknowledgewillallo	voice-window
24	3	youthinkyousatisfythekno	voice-window
24	3	wesatisfyyoutoworshipher	voice-window
24	3	youthinkyouprovethetruek	voice-window
24	3	youthinkwehavealltheknow	voice-window
24	3	youthinkyoucreatedthekno	voice-window
24	3	youthinkyouprovetheignor	voice-window
24	3	youthinkyouprovethetruew	voice-window
24	3	youthinkyouknowthetruewi	voice-window
24	3	youthinkyouwantedthetrea	voice-window
24	3	youthinkyoucometheignora	voice-window
24	3	wewatchingyoutoseekinghe	voice-window
24	3	youthinkyousatisfythesou	voice-window
24	3	wewatchingyouyourtruekno	voice-window
24	3	youthinkyoucreatedthetre	voice-window
24	3	youthinkyouhavethetreasu	voice-window
24	3	youthinkyoumadetheknowle	voice-window
24	3	weallowedyoutocreatedher	voice-window
24	3	youthinkyouthinkthetruew	voice-window
24	3	youthinkyougavethedarkne	voice-window
24	3	wewantedyoutowatchingher	voice-window
24	3	theknowledgewillallowedy	voice-window
24	3	weworshipyouyourknowledg	voice-window
24	3	youcomehereseekingignora	voice-window
24	3	youthinkyoumadethedarkne	voice-window
24	3	youthinkyouknowthetreasu	voice-window
24	3	wewatchingyouyourtreasur	voice-window
24	3	theknowledgewillworshipy	voice-window
24	3	thetrueknowledgewillfind	voice-window
24	3	thetreasurewillallowedyo	voice-window
24	3	weseekingyouyourknowledg	voice-window
24	3	youthinkyouallowedtheans	voice-window
24	3	wereadingyouyourtrueknow	voice-window
24	3	wereadingyoutosatisfyher	voice-window
24	3	youthinkyousatisfythefre	voice-window
24	3	youthinkyouhavetrueknowl	voice-window
24	3	devotedseekerwearewatchi	voice-window
24	3	wereadingyoutocreatedher	voice-window
24	3	wesatisfyyoutoreadingher	voice-window
24	3	youthinkyoucomethetruekn	voice-window
24	3	youthinkyougavetheignora	voice-window
24	3	weworshipyoutosatisfyher	voice-window
24	3	youthinkyouwatchingthewo	voice-window
24	3	wefindyouyourtrueknowled	voice-window
24	3	youthinkyouthinktheignor	voice-window
24	3	youthinkyouallowedthetre	voice-window
24	3	youthinkyoucreatedthefre	voice-window
24	3	thetrueknowledgewillwant	voice-window
24	3	youthinkyoufindtheignora	voice-window
24	3	thefreewillwillseekingyo	voice-window
24	3	weallowedyoutoseekingher	voice-window
24	3	youthinkyouwantedtheknow	voice-window
24	3	theignorancewillallowedy	voice-window
24	3	youthinkyoucomethedarkne	voice-window
24	3	thetrueknowledgewillsati	voice-window
24	3	youthinkyouallowedtheign	voice-window
24	3	weworshipyoutowatchinghe	voice-window
24	3	youthinkyouknowtheignora	voice-window
24	3	thetruewisdomwillwatchin	voice-window
24	3	youthinkyoucreatedthewor	voice-window
24	3	thefreewillwillsatisfyyo	voice-window
24	3	thedarknesswillallowedyo	voice-window
24	3	youthinkyouthinkthedarkn	voice-window
24	3	youthinkyouwantedthetrue	voice-window
24	3	youthinkyoucreatedthesou	voice-window
24	3	youthinkyoucreatedthetru	voice-window
24	3	thefreewillwillreadingyo	voice-window
24	3	thetruewisdomwillproveyo	voice-window
24	3	weallowedyouyourtruewisd	voice-window
24	3	youthinkyouwatchingtheig	voice-window
24	3	youthinkyouthinktheknowl	voice-window
24	3	youthinkyouwantedthefree	voice-window
24	3	weallowedyoutoreadingher	voice-window
24	3	youthinkyouthinktheanswe	voice-window
24	3	youthinkyouallowedthedar	voice-window
24	3	wereadingyouyourknowledg	voice-window
24	3	youthinkyoumadethetreasu	voice-window
24	3	wewatchingyoutocreatedhe	voice-window
24	3	youthinkyoureadingthetre	voice-window
24	3	theknowledgewillcreatedy	voice-window
24	3	wesatisfyyoutocreatedher	voice-window
24	3	wecreatedyouyourtruewisd	voice-window
24	3	youthinkyouprovethefreew	voice-window
24	3	weworshipyouyourignoranc	voice-window
24	3	wecreatedyouyourtrueknow	voice-window
24	3	youthinkwehaveallthewisd	voice-window
24	3	youthinkyouseekingthefre	voice-window
24	3	wewantedyouyourtrueknowl	voice-window
24	3	weworshipyoutocreatedher	voice-window
24	3	youcomehereseekingfreewi	voice-window
24	3	weseekingyouyourignoranc	voice-window
24	3	wecreatedyouyourignoranc	voice-window
24	3	youthinkyougainthetruewi	voice-window
24	3	youthinkyougaintheignora	voice-window
24	3	theignorancewillwatching	voice-window
24	3	thedarknesswillreadingyo	voice-window
24	3	weallowedyoutowatchinghe	voice-window
24	3	theignorancewillcreatedy	voice-window
24	3	thedarknesswillseekingyo	voice-window
24	3	youthinkyouallowedthesou	voice-window
24	3	weworshipyoutoworshipher	voice-window
24	3	youthinkyouprovethedarkn	voice-window
24	3	wecreatedyoutoworshipher	voice-window
24	3	youthinkyouseekingtheign	voice-window
24	3	wehaveyouyourtrueknowled	voice-window
24	3	knowertobewearewatchingy	voice-window
24	3	thedarknesswillsatisfyyo	voice-window
24	3	youthinkyouhavethefreewi	voice-window
24	3	wewatchingyouyourdarknes	voice-window
24	3	wecomeyouyourtrueknowled	voice-window
24	3	thetruewisdomwillreading	voice-window
24	3	weseekingyouyourtruewisd	voice-window
24	3	thetrueknowledgewillhave	voice-window
24	3	youthinkyoucreatedtheign	voice-window
24	3	youthinkyouallowedthewis	voice-window
24	3	wewatchingyouyourtruewis	voice-window
24	3	youthinkyousatisfytheign	voice-window
24	3	wewatchingyoutowatchingh	voice-window
24	3	weproveyouyourtrueknowle	voice-window
24	3	thetrueknowledgewillwors	voice-window
24	3	weseekingyoutoreadingher	voice-window
24	3	wesatisfyyoutoallowedher	voice-window
24	3	thetrueknowledgewillseek	voice-window
24	3	youthinkyouworshipthefre	voice-window
24	3	thetrueknowledgewillwatc	voice-window
24	3	youthinkyouworshipthesou	voice-window
24	3	thetruewisdomwillallowed	voice-window
24	3	wesatisfyyoutosatisfyher	voice-window
24	3	thetruewisdomwillthinkyo	voice-window
24	3	thetrueknowledgewillknow	voice-window
24	3	weseekingyoutoallowedher	voice-window
24	3	weseekingyoutoworshipher	voice-window
24	3	weallowedyoutoworshipher	voice-window
24	3	youthinkyousatisfythedar	voice-window
24	3	youthinkyouworshipthedar	voice-window
24	3	youthinkyoumadetheignora	voice-window
24	3	theignorancewillwantedyo	voice-window
24	3	youthinkyoucomethetruewi	voice-window
24	3	youthinkyouhavethedarkne	voice-window
24	3	youthinkyoucomethefreewi	voice-window
24	3	youthinkyouthinkthewisdo	voice-window
24	3	wewatchingyoutoworshiphe	voice-window
24	3	youthinkyoureadingtheans	voice-window
24	3	wecreatedyoutocreatedher	voice-window
24	3	youthinkyouprovetheknowl	voice-window
24	3	youthinkyougainthedarkne	voice-window
24	3	wesatisfyyouyourtrueknow	voice-window
24	3	youthinkyouwatchingtheso	voice-window
24	3	youthinkyougainthetruekn	voice-window
24	3	wesatisfyyouyourtruewisd	voice-window
24	3	wewantedyouyourtruewisdo	voice-window
24	3	youthinkyoucreatedthedar	voice-window
24	3	youthinkyoufindthetruekn	voice-window
24	3	thetruewisdomwillworship	voice-window
24	3	weknowyouyourtrueknowled	voice-window
24	3	theignorancewillsatisfyy	voice-window
24	3	youthinkyousatisfythetre	voice-window
24	3	theignorancewillreadingy	voice-window
24	3	theanswerswillwatchingyo	voice-window
24	3	youcomehereseekingtruewi	voice-window
24	3	youthinkyougavethetreasu	voice-window
24	3	thedarknesswillworshipyo	voice-window
24	3	thetreasurewillcreatedyo	voice-window
24	3	weworshipyouyourtruewisd	voice-window
24	3	wewatchingyouyourknowled	voice-window
24	3	youthinkyouknowthefreewi	voice-window
24	3	youthinkyoumadethetruekn	voice-window
24	3	youthinkyoureadingthewis	voice-window
24	3	wesatisfyyoutowatchinghe	voice-window
24	3	youthinkwehaveallthetrea	voice-window
24	3	weseekingyouyourtrueknow	voice-window
24	3	weallowedyouyourtrueknow	voice-window
24	3	thetreasurewillseekingyo	voice-window
24	3	thetreasurewillwatchingy	voice-window
24	3	theknowledgewillreadingy	voice-window
24	3	weallowedyoutosatisfyher	voice-window
24	3	wecreatedyoutowatchinghe	voice-window
24	3	youthinkyouseekingthesou	voice-window
24	3	youthinkyouwatchingthewi	voice-window
24	3	wegainyouyourtrueknowled	voice-window
25	1	wereadingyoutoreadinghere	voice-exact
25	1	youthinkyouwantedtheworld	voice-exact
25	1	youthinkyouprovethewisdom	voice-exact
25	1	wereadingyouyourignorance	voice-exact
25	1	thefreewillwillcreatedyou	voice-exact
25	1	weseekingyoutoseekinghere	voice-exact
25	1	weworshipyoutoallowedhere	voice-exact
25	1	theknowledgewillwantedyou	voice-exact
25	1	thefreewillwillworshipyou	voice-exact
25	1	youthinkyouhavetruewisdom	voice-exact
25	1	weallowedyouyourignorance	voice-exact
25	1	wesatisfyyouyourignorance	voice-exact
25	1	youthinkwehavealltheworld	voice-exact
25	1	youthinkyoucometheanswers	voice-exact
25	1	youthinkyoureadingthesoul	voice-exact
25	1	thetreasurewillsatisfyyou	voice-exact
25	1	youcomehereseekinganswers	voice-exact
25	1	youthinkyougavetheanswers	voice-exact
25	1	thetreasurewillreadingyou	voice-exact
25	1	youthinkyoumadetheanswers	voice-exact
25	1	weworshipyoutoseekinghere	voice-exact
25	1	weallowedyouyourknowledge	voice-exact
25	1	weseekingyoutocreatedhere	voice-exact
25	1	wereadingyoutoseekinghere	voice-exact
25	1	wereadingyoutoworshiphere	voice-exact
25	1	wewatchingyoutowantedhere	voice-exact
25	1	wecreatedyoutoallowedhere	voice-exact
25	1	wesatisfyyouyourknowledge	voice-exact
25	1	wecreatedyoutosatisfyhere	voice-exact
25	1	wewatchingyouyourfreewill	voice-exact
25	1	wecreatedyoutoseekinghere	voice-exact
25	1	wecreatedyoutoreadinghere	voice-exact
25	1	thetreasurewillworshipyou	voice-exact
25	1	wecreatedyouyourknowledge	voice-exact
25	1	youthinkyouthinktheworlds	voice-exact
25	1	weworshipyoutoreadinghere	voice-exact
25	1	weseekingyoutosatisfyhere	voice-exact
25	1	weallowedyoutoallowedhere	voice-exact
25	1	wesatisfyyoutoseekinghere	voice-exact
25	1	thedarknesswillcreatedyou	voice-exact
25	1	wereadingyoutoallowedhere	voice-exact
25	1	thefreewillwillallowedyou	voice-exact
25	1	wesatisfyyoutoworshiphere	voice-exact
25	1	youthinkyousatisfythesoul	voice-exact
25	1	weallowedyoutocreatedhere	voice-exact
25	1	wewantedyoutowatchinghere	voice-exact
25	1	weworshipyouyourknowledge	voice-exact
25	1	wewatchingyouyourtreasure	voice-exact
25	1	thetreasurewillallowedyou	voice-exact
25	1	weseekingyouyourknowledge	voice-exact
25	1	youthinkyougaintheanswers	voice-exact
25	1	youthinkyouknowtheanswers	voice-exact
25	1	youthinkyoufindtheanswers	voice-exact
25	1	wereadingyoutosatisfyhere	voice-exact
25	1	wereadingyoutocreatedhere	voice-exact
25	1	wesatisfyyoutoreadinghere	voice-exact
25	1	weworshipyoutosatisfyhere	voice-exact
25	1	thefreewillwillseekingyou	voice-exact
25	1	weallowedyoutoseekinghere	voice-exact
25	1	thefreewillwillsatisfyyou	voice-exact
25	1	thedarknesswillallowedyou	voice-exact
25	1	youthinkyoucreatedthesoul	voice-exact
25	1	thefreewillwillreadingyou	voice-exact
25	1	thetruewisdomwillproveyou	voice-exact
25	1	weallowedyoutoreadinghere	voice-exact
25	1	youthinkyouprovetheanswer	voice-exact
25	1	youthinkyouthinktheanswer	voice-exact
25	1	wereadingyouyourknowledge	voice-exact
25	1	wesatisfyyoutocreatedhere	voice-exact
25	1	weworshipyouyourignorance	voice-exact
25	1	weworshipyoutocreatedhere	voice-exact
25	1	weseekingyouyourignorance	voice-exact
25	1	wecreatedyouyourignorance	voice-exact
25	1	thedarknesswillreadingyou	voice-exact
25	1	thedarknesswillseekingyou	voice-exact
25	1	youthinkyouallowedthesoul	voice-exact
25	1	weworshipyoutoworshiphere	voice-exact
25	1	wecreatedyoutoworshiphere	voice-exact
25	1	youthinkyouhavetheanswers	voice-exact
25	1	thedarknesswillsatisfyyou	voice-exact
25	1	wewatchingyouyourdarkness	voice-exact
25	1	weseekingyoutoreadinghere	voice-exact
25	1	wesatisfyyoutoallowedhere	voice-exact
25	1	youthinkyouworshipthesoul	voice-exact
25	1	wesatisfyyoutosatisfyhere	voice-exact
25	1	thetruewisdomwillthinkyou	voice-exact
25	1	weseekingyoutoallowedhere	voice-exact
25	1	weseekingyoutoworshiphere	voice-exact
25	1	weallowedyoutoworshiphere	voice-exact
25	1	theignorancewillwantedyou	voice-exact
25	1	youthinkyouthinkthewisdom	voice-exact
25	1	wecreatedyoutocreatedhere	voice-exact
25	1	wewantedyouyourtruewisdom	voice-exact
25	1	theanswerswillwatchingyou	voice-exact
25	1	youthinkyouprovetheworlds	voice-exact
25	1	thedarknesswillworshipyou	voice-exact
25	1	thetreasurewillcreatedyou	voice-exact
25	1	thetreasurewillseekingyou	voice-exact
25	1	weallowedyoutosatisfyhere	voice-exact
25	1	youthinkyouseekingthesoul	voice-exact
25	1	thegodofgodstheonetruegod	guide-exact
25	1	whyelsewouldbereadingthis	guide-exact
25	2	ifwevecreatedyourgodandyo	guide-window
25	2	wevecreatedyourgodandyour	guide-window
25	2	vecreatedyourgodandyourgo	guide-window
25	2	createdyourgodandyourgodo	guide-window
25	2	yourgodandyourgodofgodsan	guide-window
25	2	godandyourgodofgodsandyou	guide-window
25	2	andyourgodofgodsandyouand	guide-window
25	2	yourgodofgodsandyouandyou	guide-window
25	2	godofgodsandyouandyourfre	guide-window
25	2	ofgodsandyouandyourfreewi	guide-window
25	2	godsandyouandyourfreewill	guide-window
25	2	andyouandyourfreewillandt	guide-window
25	2	youandyourfreewillandthis	guide-window
25	2	andyourfreewillandthiswor	guide-window
25	2	yourfreewillandthisworlda	guide-window
25	2	freewillandthisworldandal	guide-window
25	2	willandthisworldandallthe	guide-window
25	2	andthisworldandalltheworl	guide-window
25	2	weallowedyoutohavefreewil	guide-window
25	2	yourtruegodistherealmonst	guide-window
25	2	youthinkwehavealltheanswe	guide-window
25	2	andnotjustthisplaceallthe	guide-window
25	2	notjustthisplaceallthepla	guide-window
25	2	justthisplacealltheplaces	guide-window
25	2	thisplacealltheplacesallt	guide-window
25	2	placealltheplacesallthedi	guide-window
25	2	alltheplacesallthedimensi	guide-window
25	2	theplacesallthedimensions	guide-window
25	2	placesallthedimensionsall	guide-window
25	2	allthedimensionsallthefre	guide-window
25	2	thedimensionsallthefreewi	guide-window
25	2	dimensionsallthefreewills	guide-window
25	2	devotedseekeraftertruewis	guide-window
25	2	seekeraftertruewisdomknow	guide-window
25	2	aftertruewisdomknowthiswe	guide-window
25	2	truewisdomknowthiswearewa	guide-window
25	2	wisdomknowthiswearewatchi	guide-window
25	2	whatanswersareyoutryingto	guide-window
25	2	answersareyoutryingtofind	guide-window
25	2	youthinkyouknowtheanswerb	guide-window
25	2	thinkyouknowtheanswerbuty	guide-window
25	2	youknowtheanswerbutyoudon	guide-window
25	2	youthinkthetreasurewillsa	guide-window
25	2	thinkthetreasurewillsatis	guide-window
25	2	treasurewillsatisfyyoubut	guide-window
25	2	yougaveyourfreewilltothet	guide-window
25	2	gaveyourfreewilltothetrue	guide-window
25	2	wereimpressedwithyouknowe	guide-window
25	2	reimpressedwithyouknowert	guide-window
25	2	impressedwithyouknowertob	guide-window
25	2	provethineknowledgefromwh	volume-window
25	2	thineknowledgefromwhatist	volume-window
25	2	knowledgefromwhatisthewes	volume-window
25	2	fromwhatisthewestcreatedo	volume-window
25	2	knowledgefromwhatistheeas	volume-window
25	2	fromwhatistheeastcreatedo	volume-window
25	2	tohavetrueknowledgeistose	volume-window
25	2	havetrueknowledgeistoseet	volume-window
25	2	trueknowledgeistoseetheda	volume-window
25	2	knowledgeistoseethedarkne	volume-window
25	2	istoseethedarknessofignor	volume-window
25	2	toseethedarknessofignoran	volume-window
25	2	seethedarknessofignorance	volume-window
25	2	togaintrueknowledgeonemus	volume-window
25	2	gaintrueknowledgeonemusts	volume-window
25	2	trueknowledgeonemustslowd	volume-window
25	2	knowledgeonemustslowdowna	volume-window
25	2	onemustslowdownandnothurr	volume-window
25	2	awakentheflockoftheshephe	volume-window
25	2	theflockoftheshepherdandt	volume-window
25	2	flockoftheshepherdandthin	volume-window
25	2	oftheshepherdandthinkfort	volume-window
25	2	theshepherdandthinkforthy	volume-window
25	2	shepherdandthinkforthysel	volume-window
25	2	towalkamileinsomeoneelses	volume-window
25	2	walkamileinsomeoneelsesbo	volume-window
25	2	trueknowledgeisaslipperyt	volume-window
25	2	knowledgeisaslipperything	volume-window
25	2	thefouressencesrepresentt	volume-window
25	2	fouressencesrepresentthef	volume-window
25	2	essencesrepresentthefoure	volume-window
25	2	representthefourelementst	volume-window
25	2	thefourelementsthatformth	volume-window
25	2	fourelementsthatformthisv	volume-window
25	2	elementsthatformthisvisib	volume-window
25	2	keskikesänkuikkalentelisu	finnish-window
25	2	kuikkalentelisuonylläjala	finnish-window
25	2	lentelisuonylläjalaskeutu	finnish-window
25	2	suonylläjalaskeutuisuuren	finnish-window
25	2	ylläjalaskeutuisuurenpuun	finnish-window
25	2	jalaskeutuisuurenpuunjuur	finnish-window
25	2	laskeutuisuurenpuunjuurel	finnish-window
25	2	ensimmäinenmunistavieräht	finnish-window
25	2	munistavierähtipesästäjah	finnish-window
25	2	verestämuodostuielämäjaku	finnish-window
25	2	valkuainenvaluilänteenjas	finnish-window
25	2	valuilänteenjasiitämuodos	finnish-window
25	2	länteenjasiitämuodostuiky	finnish-window
25	2	jasiitämuodostuikylmyysja	finnish-window
25	2	siitämuodostuikylmyysjajä	finnish-window
25	2	keltuainenvaluiitäänjasii	finnish-window
25	2	valuiitäänjasiitämuodostu	finnish-window
25	2	itäänjasiitämuodostuilämp	finnish-window
25	2	jasiitämuodostuilämpöjatu	finnish-window
25	2	siitämuodostuilämpöjatuli	finnish-window
25	2	viimeinmunastakuoriutuilu	finnish-window
25	2	luontoloilaitluonnonasett	finnish-window
25	2	loilaitluonnonasettieläim	finnish-window
25	2	laitluonnonasettieläimetn	finnish-window
25	2	luonnonasettieläimetniity	finnish-window
25	2	asettieläimetniitytjoetku	finnish-window
25	2	eläimetniitytjoetkummutja	finnish-window
25	2	toinenmunistakuoriutuijas	finnish-window
25	2	munistakuoriutuijasieltäs	finnish-window
25	2	kuoriutuijasieltäsyntyita	finnish-window
25	2	taikuuskatseliluonnonluom	finnish-window
25	2	katseliluonnonluomuksiaja	finnish-window
25	2	luonnonluomuksiajaantoini	finnish-window
25	2	luomuksiajaantoiniillesie	finnish-window
25	2	sielunpainojalostijakiero	finnish-window
25	2	painojalostijakierouttilu	finnish-window
25	2	jalostijakierouttiluonnon	finnish-window
25	2	jakierouttiluonnonluomuks	finnish-window
25	2	kierouttiluonnonluomuksia	finnish-window
25	2	taikuusrikkoiluonnonlakej	finnish-window
25	2	luontojataikuusalkoivatri	finnish-window
25	2	jataikuusalkoivatriidellä	finnish-window
25	2	taikuusalkoivatriidelläsi	finnish-window
25	2	alkoivatriidelläsiitämite	finnish-window
25	2	riidelläsiitämitenmaailma	finnish-window
25	2	siitämitenmaailmankuuluis	finnish-window
25	2	mitenmaailmankuuluisiolla	finnish-window
25	2	munistaviimeinenkuoriutui	finnish-window
25	2	viimeinenkuoriutuijasielt	finnish-window
25	2	kuoriutuijasieltäsyntyite	finnish-window
25	2	teknologiaantoiluonnonelä	finnish-window
25	2	antoiluonnoneläimillekyvy	finnish-window
25	2	luonnoneläimillekyvynkäyt	finnish-window
25	2	eläimillekyvynkäyttääkone	finnish-window
25	2	kyvynkäyttääkoneitajalait	finnish-window
25	2	käyttääkoneitajalaitteita	finnish-window
25	3	youthinkyoucreatedthewisd	voice-window
25	3	youthinkyouseekingtheknow	voice-window
25	3	thetrueknowledgewillprove	voice-window
25	3	youthinkyouhavetheknowled	voice-window
25	3	youthinkyoucomethetreasur	voice-window
25	3	theignorancewillseekingyo	voice-window
25	3	youthinkyouworshiptheigno	voice-window
25	3	youthinkyougainthefreewil	voice-window
25	3	thefreewillwillwatchingyo	voice-window
25	3	youthinkyoucreatedtheansw	voice-window
25	3	youthinkyoufindthefreewil	voice-window
25	3	youthinkyoufindthedarknes	voice-window
25	3	youthinkyouworshipthetrue	voice-window
25	3	youthinkyouseekingtheworl	voice-window
25	3	youthinkyoureadingthedark	voice-window
25	3	youthinkyouseekingthetrue	voice-window
25	3	youthinkyouwatchingthetre	voice-window
25	3	youthinkyouallowedtheworl	voice-window
25	3	youthinkyouprovethetreasu	voice-window
25	3	youthinkwehaveallthefreew	voice-window
25	3	wewatchingyoutoallowedher	voice-window
25	3	youthinkyouknowthetruekno	voice-window
25	3	youthinkyouseekingtheansw	voice-window
25	3	thetrueknowledgewillcomey	voice-window
25	3	youthinkyouwatchingthedar	voice-window
25	3	youthinkyouknowtheknowled	voice-window
25	3	youthinkyouallowedthefree	voice-window
25	3	youcomehereseekingtreasur	voice-window
25	3	theknowledgewillsatisfyyo	voice-window
25	3	thetruewisdomwillwantedyo	voice-window
25	3	thetruewisdomwillsatisfyy	voice-window
25	3	youthinkwehavealltheignor	voice-window
25	3	youthinkyoufindtheknowled	voice-window
25	3	youthinkyouwantedthewisdo	voice-window
25	3	youthinkyougavethefreewil	voice-window
25	3	wegaveyouyourtrueknowledg	voice-window
25	3	youthinkyousatisfythetrue	voice-window
25	3	thetruewisdomwillseekingy	voice-window
25	3	youthinkyouseekingthedark	voice-window
25	3	theknowledgewillwatchingy	voice-window
25	3	youthinkyougavetheknowled	voice-window
25	3	thetrueknowledgewillcreat	voice-window
25	3	theignorancewillworshipyo	voice-window
25	3	wewatchingyouyourignoranc	voice-window
25	3	youthinkyoureadingthefree	voice-window
25	3	wereadingyouyourtruewisdo	voice-window
25	3	youthinkyouworshiptheworl	voice-window
25	3	wethinkyouyourtrueknowled	voice-window
25	3	youthinkyoucometheknowled	voice-window
25	3	thedarknesswillwatchingyo	voice-window
25	3	weseekingyoutowatchingher	voice-window
25	3	youthinkwehaveallthetruew	voice-window
25	3	thetruewisdomwillcreatedy	voice-window
25	3	wewatchingyoutoreadingher	voice-window
25	3	youthinkyouseekingthewisd	voice-window
25	3	youthinkyouallowedthetrue	voice-window
25	3	youthinkyouwantedtheanswe	voice-window
25	3	youthinkwehaveallthedarkn	voice-window
25	3	youthinkyouworshiptheknow	voice-window
25	3	youthinkyoureadingtheknow	voice-window
25	3	youthinkyouwantedtheignor	voice-window
25	3	youthinkyouwatchingthefre	voice-window
25	3	youthinkyouwatchingthekno	voice-window
25	3	youthinkyouhavethetruewis	voice-window
25	3	youthinkyoureadingtheigno	voice-window
25	3	youthinkyouknowthedarknes	voice-window
25	3	weworshipyouyourtrueknowl	voice-window
25	3	butitisnotheredevotedseek	voice-window
25	3	youthinkyouthinkthetruekn	voice-window
25	3	youthinkyoufindthetreasur	voice-window
25	3	youcomehereseekingknowled	voice-window
25	3	wewatchingyoutosatisfyher	voice-window
25	3	youthinkyoumadethefreewil	voice-window
25	3	youthinkyouhavetheignoran	voice-window
25	3	youthinkyougainthetreasur	voice-window
25	3	youthinkyouwatchingtheans	voice-window
25	3	thetrueknowledgewillmadey	voice-window
25	3	theknowledgewillseekingyo	voice-window
25	3	youthinkyouthinkthetreasu	voice-window
25	3	youthinkyouworshipthetrea	voice-window
25	3	youthinkyouwatchingthetru	voice-window
25	3	thetrueknowledgewillgainy	voice-window
25	3	youthinkyoufindthetruewis	voice-window
25	3	youthinkyougavethetruekno	voice-window
25	3	youthinkyougavethetruewis	voice-window
25	3	youthinkyoureadingthetrue	voice-window
25	3	youthinkyouworshiptheansw	voice-window
25	3	youthinkyousatisfytheansw	voice-window
25	3	youthinkyouhavethetruekno	voice-window
25	3	youthinkyousatisfytheworl	voice-window
25	3	youthinkyouworshipthewisd	voice-window
25	3	youthinkyouallowedtheknow	voice-window
25	3	youthinkyougaintheknowled	voice-window
25	3	youthinkyouthinkthefreewi	voice-window
25	3	youthinkyouwantedthedarkn	voice-window
25	3	youcomehereseekingtruekno	voice-window
25	3	youthinkyousatisfythewisd	voice-window
25	3	youcomehereseekingdarknes	voice-window
25	3	wemadeyouyourtrueknowledg	voice-window
25	3	youthinkyoureadingtheworl	voice-window
25	3	youthinkyoumadethetruewis	voice-window
25	3	wereadingyoutowatchingher	voice-window
25	3	thetrueknowledgewillreadi	voice-window
25	3	thetrueknowledgewillgavey	voice-window
25	3	youthinkyouseekingthetrea	voice-window
25	3	thetrueknowledgewillthink	voice-window
25	3	thetrueknowledgewillallow	voice-window
25	3	youthinkyousatisfytheknow	voice-window
25	3	youthinkyouprovethetruekn	voice-window
25	3	youthinkwehavealltheknowl	voice-window
25	3	youthinkyoucreatedtheknow	voice-window
25	3	youthinkyouprovetheignora	voice-window
25	3	youthinkyouprovethetruewi	voice-window
25	3	youthinkyouknowthetruewis	voice-window
25	3	youthinkyouwantedthetreas	voice-window
25	3	youthinkwehaveallthetruek	voice-window
25	3	youthinkyoucometheignoran	voice-window
25	3	wewatchingyoutoseekingher	voice-window
25	3	wewatchingyouyourtrueknow	voice-window
25	3	youthinkyoucreatedthetrea	voice-window
25	3	youthinkyouhavethetreasur	voice-window
25	3	youthinkyoumadetheknowled	voice-window
25	3	youthinkyouthinkthetruewi	voice-window
25	3	youthinkyougavethedarknes	voice-window
25	3	theknowledgewillallowedyo	voice-window
25	3	youcomehereseekingignoran	voice-window
25	3	youthinkyoumadethedarknes	voice-window
25	3	youthinkyouknowthetreasur	voice-window
25	3	theknowledgewillworshipyo	voice-window
25	3	thetrueknowledgewillfindy	voice-window
25	3	youthinkyouallowedtheansw	voice-window
25	3	wereadingyouyourtrueknowl	voice-window
25	3	youthinkyousatisfythefree	voice-window
25	3	youthinkyouhavetrueknowle	voice-window
25	3	devotedseekerwearewatchin	voice-window
25	3	youthinkyoucomethetruekno	voice-window
25	3	youthinkyougavetheignoran	voice-window
25	3	youthinkyouwatchingthewor	voice-window
25	3	wefindyouyourtrueknowledg	voice-window
25	3	youthinkyouthinktheignora	voice-window
25	3	youthinkyouallowedthetrea	voice-window
25	3	youthinkyoucreatedthefree	voice-window
25	3	thetrueknowledgewillwante	voice-window
25	3	youthinkyoufindtheignoran	voice-window
25	3	youthinkyouwantedtheknowl	voice-window
25	3	theignorancewillallowedyo	voice-window
25	3	youthinkyoucomethedarknes	voice-window
25	3	thetrueknowledgewillsatis	voice-window
25	3	youthinkyouallowedtheigno	voice-window
25	3	weworshipyoutowatchingher	voice-window
25	3	youthinkyouknowtheignoran	voice-window
25	3	thetruewisdomwillwatching	voice-window
25	3	youthinkyoucreatedtheworl	voice-window
25	3	youthinkyouthinkthedarkne	voice-window
25	3	youthinkyouwantedthetruek	voice-window
25	3	youthinkyoucreatedthetrue	voice-window
25	3	weallowedyouyourtruewisdo	voice-window
25	3	youthinkyouwatchingtheign	voice-window
25	3	youthinkyouthinktheknowle	voice-window
25	3	youthinkyouwantedthefreew	voice-window
25	3	youthinkyouallowedthedark	voice-window
25	3	youthinkyoumadethetreasur	voice-window
25	3	wewatchingyoutocreatedher	voice-window
25	3	youthinkyoureadingthetrea	voice-window
25	3	theknowledgewillcreatedyo	voice-window
25	3	wecreatedyouyourtruewisdo	voice-window
25	3	youthinkyouprovethefreewi	voice-window
25	3	wecreatedyouyourtrueknowl	voice-window
25	3	youthinkwehaveallthewisdo	voice-window
25	3	youthinkyouseekingthefree	voice-window
25	3	wewantedyouyourtrueknowle	voice-window
25	3	youcomehereseekingfreewil	voice-window
25	3	youthinkyougainthetruewis	voice-window
25	3	youthinkyougaintheignoran	voice-window
25	3	theignorancewillwatchingy	voice-window
25	3	weallowedyoutowatchingher	voice-window
25	3	theignorancewillcreatedyo	voice-window
25	3	youthinkyouprovethedarkne	voice-window
25	3	youthinkyouseekingtheigno	voice-window
25	3	wehaveyouyourtrueknowledg	voice-window
25	3	knowertobewearewatchingyo	voice-window
25	3	youthinkyouhavethefreewil	voice-window
25	3	wecomeyouyourtrueknowledg	voice-window
25	3	thetruewisdomwillreadingy	voice-window
25	3	weseekingyouyourtruewisdo	voice-window
25	3	youthinkyouwantedthetruew	voice-window
25	3	thetrueknowledgewillhavey	voice-window
25	3	youthinkyoucreatedtheigno	voice-window
25	3	youthinkyouallowedthewisd	voice-window
25	3	wewatchingyouyourtruewisd	voice-window
25	3	youthinkyousatisfytheigno	voice-window
25	3	wewatchingyoutowatchinghe	voice-window
25	3	weproveyouyourtrueknowled	voice-window
25	3	thetrueknowledgewillworsh	voice-window
25	3	thetrueknowledgewillseeki	voice-window
25	3	youthinkyouworshipthefree	voice-window
25	3	thetrueknowledgewillwatch	voice-window
25	3	thetruewisdomwillallowedy	voice-window
25	3	thetrueknowledgewillknowy	voice-window
25	3	youthinkyousatisfythedark	voice-window
25	3	youthinkyouworshipthedark	voice-window
25	3	youthinkyoumadetheignoran	voice-window
25	3	youthinkyoucomethetruewis	voice-window
25	3	youthinkyouhavethedarknes	voice-window
25	3	youthinkyoucomethefreewil	voice-window
25	3	wewatchingyoutoworshipher	voice-window
25	3	youthinkyoureadingtheansw	voice-window
25	3	youthinkyouprovetheknowle	voice-window
25	3	youthinkyougainthedarknes	voice-window
25	3	wesatisfyyouyourtrueknowl	voice-window
25	3	youthinkyouwatchingthesou	voice-window
25	3	youthinkyougainthetruekno	voice-window
25	3	wesatisfyyouyourtruewisdo	voice-window
25	3	youthinkyoucreatedthedark	voice-window
25	3	youthinkyoufindthetruekno	voice-window
25	3	thetruewisdomwillworshipy	voice-window
25	3	weknowyouyourtrueknowledg	voice-window
25	3	theignorancewillsatisfyyo	voice-window
25	3	youthinkyousatisfythetrea	voice-window
25	3	theignorancewillreadingyo	voice-window
25	3	youcomehereseekingtruewis	voice-window
25	3	youthinkyougavethetreasur	voice-window
25	3	weworshipyouyourtruewisdo	voice-window
25	3	wewatchingyouyourknowledg	voice-window
25	3	youthinkyouknowthefreewil	voice-window
25	3	youthinkyoumadethetruekno	voice-window
25	3	youthinkyoureadingthewisd	voice-window
25	3	wesatisfyyoutowatchingher	voice-window
25	3	youthinkwehaveallthetreas	voice-window
25	3	weseekingyouyourtrueknowl	voice-window
25	3	weallowedyouyourtrueknowl	voice-window
25	3	thetreasurewillwatchingyo	voice-window
25	3	theknowledgewillreadingyo	voice-window
25	3	wecreatedyoutowatchingher	voice-window
25	3	youthinkyouwatchingthewis	voice-window
25	3	wegainyouyourtrueknowledg	voice-window
30	1	youthinkyouseekingtheknowledge	voice-exact
30	1	youthinkyouworshiptheignorance	voice-exact
30	1	youthinkyouwatchingthetreasure	voice-exact
30	1	youthinkyouwatchingthedarkness	voice-exact
30	1	thetrueknowledgewillcreatedyou	voice-exact
30	1	youthinkwehaveallthetruewisdom	voice-exact
30	1	youthinkyouworshiptheknowledge	voice-exact
30	1	youthinkyoureadingtheknowledge	voice-exact
30	1	youthinkyouwatchingthefreewill	voice-exact
30	1	youthinkyoureadingtheignorance	voice-exact
30	1	youthinkyouallowedtheknowledge	voice-exact
30	1	thetrueknowledgewillreadingyou	voice-exact
30	1	thetrueknowledgewillallowedyou	voice-exact
30	1	youthinkyousatisfytheknowledge	voice-exact
30	1	youthinkyoucreatedtheknowledge	voice-exact
30	1	wewatchingyouyourtrueknowledge	voice-exact
30	1	thetrueknowledgewillsatisfyyou	voice-exact
30	1	youthinkyouallowedtheignorance	voice-exact
30	1	youthinkyouseekingtheignorance	voice-exact
30	1	youthinkyouwantedthetruewisdom	voice-exact
30	1	youthinkyoucreatedtheignorance	voice-exact
30	1	youthinkyousatisfytheignorance	voice-exact
30	1	thetrueknowledgewillworshipyou	voice-exact
30	1	thetrueknowledgewillseekingyou	voice-exact
30	1	wereimpressedwithyouknowertobe	guide-exact
30	1	towalkamileinsomeoneelsesboots	volume-exact
30	1	verestämuodostuielämäjakuolema	finnish-exact
30	2	ifwevecreatedyourgodandyourgod	guide-window
30	2	wevecreatedyourgodandyourgodof	guide-window
30	2	vecreatedyourgodandyourgodofgo	guide-window
30	2	createdyourgodandyourgodofgods	guide-window
30	2	yourgodandyourgodofgodsandyoua	guide-window
30	2	godandyourgodofgodsandyouandyo	guide-window
30	2	andyourgodofgodsandyouandyourf	guide-window
30	2	yourgodofgodsandyouandyourfree	guide-window
30	2	godofgodsandyouandyourfreewill	guide-window
30	2	ofgodsandyouandyourfreewilland	guide-window
30	2	godsandyouandyourfreewillandth	guide-window
30	2	andyouandyourfreewillandthiswo	guide-window
30	2	youandyourfreewillandthisworld	guide-window
30	2	andyourfreewillandthisworldand	guide-window
30	2	yourfreewillandthisworldandall	guide-window
30	2	freewillandthisworldandallthew	guide-window
30	2	willandthisworldandalltheworld	guide-window
30	2	andnotjustthisplacealltheplace	guide-window
30	2	notjustthisplacealltheplacesal	guide-window
30	2	justthisplacealltheplacesallth	guide-window
30	2	thisplacealltheplacesallthedim	guide-window
30	2	placealltheplacesallthedimensi	guide-window
30	2	alltheplacesallthedimensionsal	guide-window
30	2	theplacesallthedimensionsallth	guide-window
30	2	placesallthedimensionsallthefr	guide-window
30	2	allthedimensionsallthefreewill	guide-window
30	2	devotedseekeraftertruewisdomkn	guide-window
30	2	seekeraftertruewisdomknowthisw	guide-window
30	2	aftertruewisdomknowthiswearewa	guide-window
30	2	truewisdomknowthiswearewatchin	guide-window
30	2	wisdomknowthiswearewatchingyou	guide-window
30	2	whatanswersareyoutryingtofindi	guide-window
30	2	answersareyoutryingtofindinher	guide-window
30	2	youthinkyouknowtheanswerbutyou	guide-window
30	2	thinkyouknowtheanswerbutyoudon	guide-window
30	2	youthinkthetreasurewillsatisfy	guide-window
30	2	thinkthetreasurewillsatisfyyou	guide-window
30	2	thetreasurewillsatisfyyoubutit	guide-window
30	2	treasurewillsatisfyyoubutitwon	guide-window
30	2	yougaveyourfreewilltothetruego	guide-window
30	2	provethineknowledgefromwhatist	volume-window
30	2	thineknowledgefromwhatisthewes	volume-window
30	2	knowledgefromwhatisthewestcrea	volume-window
30	2	thineknowledgefromwhatistheeas	volume-window
30	2	knowledgefromwhatistheeastcrea	volume-window
30	2	tohavetrueknowledgeistoseethed	volume-window
30	2	havetrueknowledgeistoseethedar	volume-window
30	2	trueknowledgeistoseethedarknes	volume-window
30	2	knowledgeistoseethedarknessofi	volume-window
30	2	togaintrueknowledgeonemustslow	volume-window
30	2	gaintrueknowledgeonemustslowdo	volume-window
30	2	trueknowledgeonemustslowdownan	volume-window
30	2	knowledgeonemustslowdownandnot	volume-window
30	2	awakentheflockoftheshepherdand	volume-window
30	2	theflockoftheshepherdandthinkf	volume-window
30	2	flockoftheshepherdandthinkfort	volume-window
30	2	oftheshepherdandthinkforthysel	volume-window
30	2	thefouressencesrepresentthefou	volume-window
30	2	fouressencesrepresentthefourel	volume-window
30	2	essencesrepresentthefourelemen	volume-window
30	2	representthefourelementsthatfo	volume-window
30	2	thefourelementsthatformthisvis	volume-window
30	2	fourelementsthatformthisvisibl	volume-window
30	2	elementsthatformthisvisiblewor	volume-window
30	2	keskikesänkuikkalentelisuonyll	finnish-window
30	2	kuikkalentelisuonylläjalaskeut	finnish-window
30	2	lentelisuonylläjalaskeutuisuur	finnish-window
30	2	suonylläjalaskeutuisuurenpuunj	finnish-window
30	2	ylläjalaskeutuisuurenpuunjuure	finnish-window
30	2	ensimmäinenmunistavierähtipesä	finnish-window
30	2	munistavierähtipesästäjahalkes	finnish-window
30	2	valkuainenvaluilänteenjasiitäm	finnish-window
30	2	valuilänteenjasiitämuodostuiky	finnish-window
30	2	länteenjasiitämuodostuikylmyys	finnish-window
30	2	keltuainenvaluiitäänjasiitämuo	finnish-window
30	2	valuiitäänjasiitämuodostuilämp	finnish-window
30	2	itäänjasiitämuodostuilämpöjatu	finnish-window
30	2	luontoloilaitluonnonasettieläi	finnish-window
30	2	loilaitluonnonasettieläimetnii	finnish-window
30	2	laitluonnonasettieläimetniityt	finnish-window
30	2	luonnonasettieläimetniitytjoet	finnish-window
30	2	asettieläimetniitytjoetkummutj	finnish-window
30	2	eläimetniitytjoetkummutjavuore	finnish-window
30	2	toinenmunistakuoriutuijasieltä	finnish-window
30	2	munistakuoriutuijasieltäsyntyi	finnish-window
30	2	kuoriutuijasieltäsyntyitaikuus	finnish-window
30	2	taikuuskatseliluonnonluomuksia	finnish-window
30	2	katseliluonnonluomuksiajaantoi	finnish-window
30	2	luonnonluomuksiajaantoiniilles	finnish-window
30	2	sielunpainojalostijakierouttil	finnish-window
30	2	painojalostijakierouttiluonnon	finnish-window
30	2	jalostijakierouttiluonnonluomu	finnish-window
30	2	luontojataikuusalkoivatriidell	finnish-window
30	2	jataikuusalkoivatriidelläsiitä	finnish-window
30	2	taikuusalkoivatriidelläsiitämi	finnish-window
30	2	alkoivatriidelläsiitämitenmaai	finnish-window
30	2	riidelläsiitämitenmaailmankuul	finnish-window
30	2	siitämitenmaailmankuuluisiolla	finnish-window
30	2	munistaviimeinenkuoriutuijasie	finnish-window
30	2	viimeinenkuoriutuijasieltäsynt	finnish-window
30	2	kuoriutuijasieltäsyntyiteknolo	finnish-window
30	2	teknologiaantoiluonnoneläimill	finnish-window
30	2	antoiluonnoneläimillekyvynkäyt	finnish-window
30	2	luonnoneläimillekyvynkäyttääko	finnish-window
30	2	eläimillekyvynkäyttääkoneitaja	finnish-window
30	2	kyvynkäyttääkoneitajalaitteita	finnish-window
30	3	youthinkyouworshipthetruewisdo	voice-window
30	3	youthinkyouseekingthetruewisdo	voice-window
30	3	youthinkyouknowthetrueknowledg	voice-window
30	3	youthinkyousatisfythetrueknowl	voice-window
30	3	youthinkyouallowedthetrueknowl	voice-window
30	3	youthinkyouwatchingtheknowledg	voice-window
30	3	youthinkyouthinkthetrueknowled	voice-window
30	3	youthinkyouseekingthetrueknowl	voice-window
30	3	youthinkyouwatchingthetruewisd	voice-window
30	3	youthinkyouwatchingthetrueknow	voice-window
30	3	youthinkyougavethetrueknowledg	voice-window
30	3	youthinkyouworshipthetrueknowl	voice-window
30	3	youthinkyoureadingthetrueknowl	voice-window
30	3	youthinkyouhavethetrueknowledg	voice-window
30	3	youcomehereseekingtrueknowledg	voice-window
30	3	youthinkyousatisfythetruewisdo	voice-window
30	3	youthinkyouprovethetrueknowled	voice-window
30	3	youthinkwehaveallthetrueknowle	voice-window
30	3	youthinkyouallowedthetruewisdo	voice-window
30	3	youthinkyoucomethetrueknowledg	voice-window
30	3	youthinkyouwantedthetrueknowle	voice-window
30	3	youthinkyoucreatedthetruewisdo	voice-window
30	3	youthinkyouwatchingtheignoranc	voice-window
30	3	thetrueknowledgewillwatchingyo	voice-window
30	3	youthinkyoureadingthetruewisdo	voice-window
30	3	youthinkyougainthetrueknowledg	voice-window
30	3	youthinkyoufindthetrueknowledg	voice-window
30	3	youthinkyoucreatedthetrueknowl	voice-window
30	3	youthinkyoumadethetrueknowledg	voice-window
